aa_ocompra;t_ocompra;n_ocompra;e_ocompra;fh_estado;o_ente;aa_ocompra_orig;t_ocompra_orig;n_ocompra_orig;c_procedimiento;c_numcred;c_juris;c_sjuris;c_entidad;c_inciso;c_pprincipal;c_pparcial;c_ubica_geo;i_total
2023;OCC;68884;C;2023-09-19 10:51:17;311990;2021;OCA;65644;220;59958;26;26;0;3;3;1;1;661960,44
2023;OCC;70112;C;2023-09-22 11:12:22;311990;2021;OCA;65644;220;62725;35;0;0;3;3;1;1;4012676,21
2023;OCC;75416;C;2023-10-18 15:25:13;32321;2021;OCA;65639;220;59921;40;0;0;3;3;1;1;399384,26
2023;OCC;67423;C;2023-09-12 15:05:36;32321;2021;OCA;65639;220;59958;26;26;0;3;3;1;1;6581356,53
2023;OCC;75773;C;2023-10-19 15:19:57;83261;2021;OCA;65643;220;64685;20;27;210;3;3;1;1;1227916,55
2024;OCC;54833;C;2024-11-07 16:08:46;32321;2023;OCA;76141;220;54481;20;21;0;3;3;1;1;143957
2023;OCC;76842;C;2023-10-24 15:36:34;96905;2011;OCC;10342;220;46685;70;0;0;3;3;1;1;68077275,81
2023;OCC;66034;C;2023-09-05 17:06:59;120202;2021;OCA;65641;220;59921;40;0;0;3;3;1;1;691022,94
2023;OCC;66466;C;2023-09-07 11:13:38;94546;2021;OCA;65642;220;62375;70;71;0;3;3;1;1;199320830,3
2025;OCC;27774;C;2025-04-30 15:13:15;32321;2023;OCA;76138;220;40304;21;0;0;3;3;1;1;1640610,28
2025;OCC;29485;C;2025-05-13 11:11:31;32118;2023;OCA;76137;220;39993;50;0;0;3;3;1;1;9505,21
2025;OCC;24040;C;2025-04-08 12:09:09;94546;2021;OCA;65642;220;44816;45;0;0;3;3;1;1;331708,52
2025;OCC;22597;C;2025-03-26 16:41:58;311990;2021;OCA;65644;220;44726;24;0;0;3;3;1;4;20262434,26
2024;OCC;68933;C;2025-02-10 12:35:56;94546;2021;OCA;65642;220;54481;20;21;0;3;3;1;1;2466180,93
2024;OCC;69063;C;2025-02-12 20:28:27;32879;2023;OCA;76141;220;59357;50;0;0;3;3;1;1;12822025,09
2024;OCC;69066;C;2025-02-12 20:32:52;32879;2023;OCA;76141;220;50318;55;0;0;3;3;1;1;8064780,95
2024;OCC;69072;C;2025-02-12 20:45:43;32879;2023;OCA;76141;220;67926;40;0;0;3;3;1;1;491627,07
2024;OCC;69077;C;2025-02-13 11:25:32;32879;2023;OCA;76137;220;64579;50;0;0;3;3;1;1;1089650,97
2024;OCC;69079;C;2025-02-13 11:25:38;32879;2023;OCA;76135;220;59353;45;0;0;3;3;1;1;4699174,56
2024;OCC;69080;C;2025-02-13 11:25:41;32879;2023;OCA;76135;220;59355;31;0;0;3;3;1;1;411445,33
2024;OCC;69091;C;2025-02-13 12:31:54;26205;2023;OCA;76134;220;59357;50;0;0;3;3;1;1;1041148,05
2024;OCC;69092;C;2025-02-13 12:31:48;26205;2023;OCA;76134;220;61885;60;0;0;3;3;1;1;105696
2024;OCC;66588;C;2025-01-17 13:01:58;32321;2021;OCA;65639;220;59349;21;0;0;3;3;1;1;330313,34
2024;OCC;66603;C;2025-01-17 13:02:01;32321;2021;OCA;65639;220;54481;20;21;0;3;3;1;1;358799,98
2024;OCC;65069;C;2025-01-13 10:59:16;83261;2023;OCA;76141;220;54481;20;21;0;3;3;1;1;664357,6
2024;OCC;67363;C;2025-01-24 11:05:51;73551;2023;OCA;76141;220;64579;50;0;0;3;3;1;1;47385,85
2024;OCC;67366;C;2025-01-24 11:10:49;73551;2023;OCA;76141;220;61887;24;0;0;3;3;1;1;1693858,15
2024;OCC;68477;C;2025-01-31 19:26:57;94546;2021;OCA;65642;220;54481;20;21;0;3;3;1;1;2913600,86
2024;OCC;68480;C;2025-01-31 19:27:05;94546;2021;OCA;65642;220;59941;21;0;0;3;3;1;1;45120165,37
2021;OCC;41412;C;2021-07-29 13:42:06;32879;2019;OCC;29301;220;30457;20;21;0;3;3;1;4;923095,8
2023;OCC;51130;C;2023-07-05 15:57:42;96905;2011;OCC;10342;220;46685;70;0;0;3;3;1;1;22834311,38
2023;OCC;52005;C;2023-07-10 12:25:13;32118;2021;OCA;65638;220;27122;70;0;0;3;3;1;4;13186041,55
2022;OCC;69656;C;2022-11-16 15:49:01;32879;2021;OCC;32595;220;47512;70;71;0;3;3;1;4;6983414
2022;OCC;67516;C;2022-11-03 16:30:01;311990;2021;OCA;65644;220;4096;21;0;0;3;3;1;4;147063
2023;OCC;54800;C;2023-07-19 12:50:26;32879;2021;OCC;32595;220;39219;70;71;0;3;3;1;4;2785650
2022;OCC;81914;Z;2023-01-31 11:25:02;32879;2021;OCC;32595;220;47512;70;71;0;3;3;1;4;867800
2022;OCC;81514;C;2023-01-18 15:33:05;32321;2021;OCA;65639;220;63582;50;0;0;3;3;1;4;25160,85
2022;OCC;82074;C;2023-01-24 13:39:37;32879;2021;OCC;32595;220;47512;70;71;0;3;3;1;4;148923,63
2022;OCC;76311;C;2023-01-24 13:08:21;32879;2021;OCC;32595;220;47512;70;71;0;3;3;1;4;883311,4
2022;OCC;76323;C;2023-01-24 13:08:21;32879;2021;OCC;32595;220;47512;70;71;0;3;3;1;4;1486324
2022;OCC;84359;C;2023-02-22 18:17:52;83261;2022;OCC;70439;220;27127;70;0;0;3;3;1;4;24390446,67
2022;OCC;84367;C;2023-02-23 12:42:39;32321;2021;OCA;65639;220;70432;55;0;0;3;3;1;4;268337,08
2022;OCC;84500;C;2023-02-23 18:22:34;94546;2022;OCC;72278;220;4096;21;0;0;3;3;1;4;124835150,6
2022;OCC;84339;C;2023-02-17 16:32:34;311990;2021;OCA;65644;220;70396;9;0;0;3;3;1;4;4072309,21
2022;OCC;84347;C;2023-02-22 12:13:29;32118;2021;OCA;65638;220;17806;50;0;0;3;3;1;4;46407,79
2022;OCC;83717;C;2023-02-10 16:25:44;32321;2021;OCA;65639;220;47303;70;71;0;3;3;1;4;83869,5
2023;OCC;33463;C;2023-04-20 11:08:55;311990;2021;OCA;65644;220;52746;45;0;0;3;3;1;4;7469309,11
2023;OCC;93038;C;2024-03-20 11:04:31;275932;2021;OCA;65645;220;59958;26;26;0;3;3;1;1;1009830,97
2023;OCC;93023;C;2024-03-19 14:37:47;32879;2023;OCA;28334;220;59926;50;0;0;3;3;1;1;665427,85
2023;OCC;93057;C;2024-03-20 14:37:48;83261;2021;OCA;65643;220;59926;50;0;0;3;3;1;1;173835,16
2023;OCC;92921;C;2024-03-08 13:55:33;32118;2021;OCA;65638;220;62685;45;0;0;3;3;1;1;940294,77
2023;OCC;93064;C;2024-03-20 15:17:35;32321;2021;OCA;65639;220;66850;70;0;0;3;3;1;1;483542,04
2023;OCC;92827;C;2024-03-04 17:02:03;311990;2021;OCA;65644;220;62685;45;0;0;3;3;1;1;492356,73
2023;OCC;92796;C;2024-03-04 14:24:34;120202;2021;OCA;65641;220;62724;20;30;0;3;3;1;1;7745270,86
2023;OCC;93044;C;2024-03-20 11:39:48;32321;2021;OCA;65639;220;59958;26;26;0;3;3;1;1;648900,22
2023;OCC;36491;C;2023-05-03 12:00:55;96905;2011;OCC;10342;220;46685;70;0;0;3;3;1;1;5984080,69
2023;OCC;74285;Z;2023-10-10 16:03:44;124204;2023;OCC;44004;220;47218;35;0;0;3;3;5;1;155561,41
2025;OCC;34038;C;2025-06-10 11:47:30;73551;2022;OCA;78336;220;41571;55;0;0;3;3;1;1;861053,24
2025;OCC;35601;C;2025-06-18 16:39:03;32879;2023;OCA;76137;220;49802;20;28;0;3;3;1;1;786092,02
2025;OCC;35605;C;2025-06-18 16:39:08;32879;2023;OCA;76139;220;39993;50;0;0;3;3;1;1;1183321,85
2025;OCC;35609;C;2025-06-18 16:49:13;32879;2023;OCA;76137;220;44797;24;0;0;3;3;1;1;41170,89
2025;OCC;35617;C;2025-06-18 16:52:19;32879;2023;OCA;76137;220;40003;24;0;261;3;3;1;1;1354974,89
2023;OCC;84620;C;2023-12-04 15:05:56;32118;2021;OCA;65638;220;59960;26;26;0;3;3;1;4;4054657,55
2023;OCC;80790;C;2023-11-16 12:32:53;32848;2021;OCC;32593;220;58589;70;71;0;3;3;1;1;6272420
2023;OCC;80419;C;2023-11-14 14:21:34;32321;2021;OCA;65639;220;63865;70;71;0;3;3;1;8;100001290,8
2023;OCC;85602;C;2023-12-06 14:40:30;120202;2021;OCA;65641;220;59936;70;0;0;3;3;1;4;47691966,98
2024;OCC;59632;C;2024-12-09 11:06:43;32321;2023;OCA;76141;220;54481;20;21;0;3;3;1;1;186600,95
2024;OCC;59634;C;2024-12-09 11:08:20;32321;2023;OCA;76141;220;57114;29;0;0;3;3;1;1;108184,27
2024;OCC;49076;C;2024-10-03 14:44:08;32321;2021;OCA;65639;220;59351;40;0;0;3;3;1;1;210150,67
2024;OCC;64438;C;2025-01-08 15:17:06;311990;2021;OCA;65644;220;61885;60;0;0;3;3;1;1;694018,91
2024;OCC;64439;C;2025-01-08 15:17:07;311990;2021;OCA;65644;220;61887;24;0;0;3;3;1;1;237096,5
2024;OCC;64320;C;2025-01-07 16:12:37;32321;2021;OCA;65639;220;59357;50;0;0;3;3;1;1;482741,08
2024;OCC;51840;C;2024-10-21 12:23:47;83261;2021;OCA;65643;220;59351;40;0;0;3;3;1;1;6629391,5
2024;OCC;49213;C;2024-10-04 13:35:55;311990;2021;OCA;65644;220;59355;31;0;0;3;3;1;1;573180
2024;OCC;49219;C;2024-10-04 13:36:10;311990;2021;OCA;65644;220;57114;29;0;0;3;3;1;1;2353922,79
2024;OCC;64260;C;2025-01-07 12:10:04;120202;2021;OCA;65641;220;54481;20;21;0;3;3;1;1;1352392,14
2024;OCC;50590;C;2024-10-14 17:14:26;120202;2021;OCA;65641;220;59351;40;0;0;3;3;1;1;68244
2024;OCC;55103;C;2024-11-08 16:17:59;32879;2023;OCA;76141;220;50318;55;0;0;3;3;1;1;302940
2024;OCC;63481;C;2024-12-27 15:38:29;26296;2023;OCA;76141;220;57114;29;0;0;3;3;1;1;1631258,98
2024;OCC;57582;C;2024-11-28 13:11:53;26296;2021;OCA;65640;220;54101;40;0;0;3;3;1;1;150965,1
2024;OCC;54458;C;2024-11-06 11:58:37;120202;2021;OCA;65641;220;64373;20;21;0;3;3;1;1;6952893
2024;OCC;54932;C;2024-11-08 13:22:10;32118;2023;OCA;76140;220;57114;29;0;0;3;3;1;1;2154071,36
2024;OCC;34469;C;2024-07-04 17:01:48;83261;2023;OCA;76134;220;56474;29;0;0;3;3;1;4;1235371,72
2024;OCC;34315;C;2024-07-03 14:16:44;275932;2023;OCA;76134;220;56474;29;0;0;3;3;1;4;903956,86
2024;OCC;46733;C;2024-09-18 14:59:20;94546;2021;OCA;65642;220;59347;20;0;0;3;3;1;1;387817,18
2024;OCC;45247;C;2024-09-06 14:32:02;32879;2023;OCA;76141;220;59351;40;0;0;3;3;1;1;1112886,51
2024;OCC;39993;C;2024-08-05 18:00:09;311990;2023;OCA;76140;220;53767;21;0;0;3;3;1;4;16072196,31
2024;OCC;37927;C;2024-07-23 17:06:27;32118;2023;OCA;76141;220;57114;29;0;0;3;3;1;1;1678093,39
2024;OCC;47373;C;2024-09-20 15:17:04;120202;2021;OCA;65641;220;57114;29;0;0;3;3;1;1;22015056,22
2024;OCC;47375;C;2024-09-20 15:18:52;120202;2021;OCA;65641;220;57126;50;0;0;3;3;1;1;33157
2024;OCC;47398;C;2024-09-20 15:36:44;120202;2021;OCA;65641;220;57114;29;0;0;3;3;1;1;3787617,14
2024;OCC;45183;C;2024-09-06 11:19:15;32118;2023;OCA;76141;220;59347;20;0;0;3;3;1;1;207557,85
2024;OCC;48901;C;2024-10-02 12:41:30;311990;2021;OCA;65644;220;59357;50;0;0;3;3;1;1;25160,85
2024;OCC;48897;C;2024-10-02 12:38:56;311990;2021;OCA;65644;220;54101;40;0;0;3;3;1;1;50231,7
2024;OCC;41185;C;2024-08-12 14:45:46;26296;2024;OCC;34689;220;54101;40;0;0;3;3;1;1;221415,48
2024;OCC;37982;C;2024-07-24 11:23:01;120202;2023;OCA;76141;220;56474;29;0;0;3;3;1;4;13644094,4
2024;OCC;37996;C;2024-07-24 12:11:31;26296;2023;OCA;76141;220;56474;29;0;0;3;3;1;4;1008026
2024;OCC;69112;C;2025-02-13 15:17:38;49584;2025;OCO;8;220;48646;35;0;0;3;3;5;1;2219588,77
2022;OCC;34316;C;2022-05-13 00:25:43;120202;2019;OCB;11597;220;4755;21;0;0;3;3;5;7;492964,76
2022;OCC;84348;C;2023-02-22 12:42:47;124204;2022;OCO;171;220;65023;35;0;0;3;3;5;1;3154643,08
2022;OCC;84563;C;2023-02-24 12:17:16;124204;2022;OCC;84546;220;65023;35;0;0;3;3;5;1;374441,67
2022;OCC;85492;C;2023-03-01 15:39:57;83261;2022;OCC;85489;220;65023;35;0;0;3;3;5;1;2190139,8
2022;OCC;85501;C;2023-03-01 15:46:24;83261;2022;OCC;85497;220;65023;35;0;0;3;3;5;1;2730439,27
2022;OCC;84310;C;2023-02-16 15:53:03;49584;2022;OCC;84309;220;65023;35;0;0;3;3;5;1;190089,24
2022;OCC;84342;C;2023-02-17 17:04:02;32321;2021;OCA;65639;220;48338;40;0;0;3;3;5;4;5157974,56
2022;OCC;84334;C;2023-02-17 14:27:36;311990;2021;OCA;65644;220;48338;40;0;0;3;3;5;4;3521622,44
2022;OCC;85487;C;2023-03-01 15:33:04;83261;2022;OCC;48164;220;65023;35;0;0;3;3;5;1;435923,65
2023;OCC;76515;C;2023-10-23 16:02:11;49584;2023;OCC;66762;220;47218;35;0;0;3;3;5;1;3663180,36
2023;OCC;75966;C;2023-10-20 12:02:11;124204;2023;OCC;74293;220;47218;35;0;0;3;3;5;1;708883,6
2024;OCC;68658;C;2025-02-05 11:43:48;49584;2024;OCB;16992;220;48646;35;0;0;3;3;5;1;22326524,84
2021;OCC;72984;C;2022-01-04 12:15:17;216656;2019;OCA;43555;220;3716;21;0;0;3;3;5;5;188180,5
2021;OCC;73255;C;2022-01-05 15:25:33;120202;2019;OCB;11597;220;3722;21;0;0;3;3;5;11;152882,45
2022;OCC;82419;C;2023-01-27 06:52:29;216656;2019;OCA;43555;220;4750;21;0;0;3;3;5;2;175199,87
2022;OCC;78684;C;2023-01-03 15:54:13;120202;2019;OCB;11597;220;4755;21;0;0;3;3;5;7;371053,64
2022;OCC;77225;C;2022-12-28 15:29:39;120202;2019;OCB;11597;220;4757;21;0;0;3;3;5;9;148732,95
2022;OCC;85406;C;2023-03-01 11:14:45;49584;2022;OCC;84311;220;65023;35;0;0;3;3;5;1;3756989,53
2023;OCC;24915;C;2023-03-07 16:17:05;49584;2022;OCC;85411;220;47218;35;0;0;3;3;5;1;6860766,72
2023;OCC;66888;C;2023-09-08 15:16:54;32321;2021;OCA;65639;220;59926;50;0;0;3;3;1;1;1350376,1
2023;OCC;79275;C;2023-11-07 11:39:40;120202;2021;OCA;65641;220;59926;50;0;0;3;3;1;1;2360816,27
2023;OCC;63848;C;2023-08-28 13:18:53;311990;2021;OCA;65644;220;59928;50;0;513;3;3;1;1;7491415,06
2024;OCC;66607;C;2025-01-17 13:02:03;32321;2021;OCA;65639;220;62663;35;0;0;3;3;1;4;35013001,57
2023;OCC;67519;C;2023-09-12 16:27:57;32321;2021;OCA;65639;220;62685;45;0;0;3;3;1;1;3801795,65
2023;OCC;67530;C;2023-09-12 16:47:39;32321;2021;OCA;65639;220;59928;50;0;513;3;3;1;1;75523,64
2023;OCC;66032;C;2023-09-05 16:55:49;120202;2021;OCA;65641;220;59940;70;0;0;3;3;1;4;16383696,48
2023;OCC;66472;C;2023-09-07 11:20:13;94546;2021;OCA;65642;220;59921;40;0;0;3;3;1;1;318950,17
2025;OCC;22528;C;2025-03-26 15:17:12;311990;2021;OCA;65644;220;39993;50;0;0;3;3;1;1;35784,32
2025;OCC;27621;C;2025-04-29 17:35:21;311990;2023;OCA;76135;220;44794;50;0;513;3;3;1;1;537641,66
2024;OCC;69067;C;2025-02-12 20:34:05;32879;2023;OCA;76139;220;64641;50;0;0;3;3;1;1;1305369,78
2025;OCC;22601;C;2025-03-26 16:44:52;311990;2021;OCA;65644;220;44962;31;0;0;3;3;1;1;20707,96
2025;OCC;22602;C;2025-03-26 16:46:17;311990;2021;OCA;65644;220;39993;50;0;0;3;3;1;1;756186,27
2024;OCC;68943;C;2025-02-13 12:31:46;26205;2023;OCA;76134;220;50318;55;0;0;3;3;1;1;148620
2024;OCC;69060;C;2025-02-12 20:19:08;32879;2023;OCA;76134;220;59349;21;0;0;3;3;1;1;23693414,93
2024;OCC;69062;C;2025-02-12 20:23:09;32879;2023;OCA;76140;220;60897;50;0;513;3;3;1;1;33482137,22
2024;OCC;67501;C;2025-01-24 17:40:42;32879;2023;OCA;76141;220;61887;24;0;0;3;3;1;1;2459893,1
2024;OCC;67464;C;2025-01-24 16:01:18;32879;2023;OCA;76141;220;59349;21;0;0;3;3;1;1;8568358,73
2024;OCC;68903;C;2025-02-10 10:18:54;311990;2021;OCA;65644;220;60897;50;0;513;3;3;1;1;534407,08
2024;OCC;68913;C;2025-02-10 10:51:36;275932;2021;OCA;65645;220;62994;20;28;0;3;3;1;1;490048,01
2024;OCC;68920;X;2025-02-10 11:12:47;94546;;;;220;59355;31;0;0;3;3;1;1;355806,88
2024;OCC;66046;C;2025-01-15 16:39:15;120202;2023;OCA;76141;220;59357;50;0;0;3;3;1;1;970926,51
2024;OCC;65072;C;2025-01-13 11:01:25;83261;2023;OCA;76141;220;57114;29;0;0;3;3;1;1;201368,67
2024;OCC;68497;C;2025-01-31 21:43:16;26296;2021;OCA;65640;220;59355;31;0;0;3;3;1;1;5295104,83
2024;OCC;67355;C;2025-01-24 10:49:54;73551;2023;OCA;76141;220;57114;29;0;0;3;3;1;1;1430964,86
2024;OCC;67373;C;2025-01-24 11:32:03;73551;2023;OCA;76141;220;59357;50;0;0;3;3;1;1;1396790,03
2024;OCC;64865;C;2025-01-10 15:21:18;311990;2021;OCA;65644;220;56474;29;0;0;3;3;1;4;12528683,91
2024;OCC;67450;C;2025-01-24 15:40:31;32879;2023;OCA;76138;220;50323;50;0;513;3;3;1;1;350272,89
2024;OCC;67479;C;2025-01-24 16:31:01;32879;2023;OCA;76139;220;62141;9;0;0;3;3;1;1;201904,56
2024;OCC;67598;C;2025-01-27 15:18:27;32321;2021;OCA;65639;220;59349;21;0;0;3;3;1;1;167816635,7
2024;OCC;68979;C;2025-02-10 20:03:47;94546;2021;OCA;65642;220;56474;29;0;0;3;3;1;4;1457848,31
2024;OCC;69155;C;2025-02-14 15:34:41;73551;2023;OCA;76134;220;50322;24;0;261;3;3;1;1;1267077,41
2024;OCC;69156;C;2025-02-14 15:34:42;73551;2023;OCA;76134;220;65590;20;28;0;3;3;1;1;1646655,77
2024;OCC;66724;C;2025-01-17 16:20:26;311990;2021;OCA;65644;220;61885;60;0;0;3;3;1;1;13487000,74
2024;OCC;64471;C;2025-01-08 16:48:30;311990;2021;OCA;65644;220;60897;50;0;513;3;3;1;1;376993,7
2024;OCC;69176;C;2025-02-17 12:44:59;73551;2023;OCA;76134;220;59357;50;0;0;3;3;1;1;180290,46
2024;OCC;68482;C;2025-01-31 19:27:11;94546;2021;OCA;65642;220;54481;20;21;0;3;3;1;1;103033,58
2024;OCC;66593;C;2025-01-17 12:41:56;26296;2023;OCA;76134;220;57114;29;0;0;3;3;1;1;1155984,28
2024;OCC;69048;C;2025-02-12 16:34:10;32118;2023;OCA;76141;220;54481;20;21;0;3;3;1;1;945887,19
2024;OCC;68502;C;2025-01-31 22:56:38;32118;2021;OCA;65638;220;16995;50;0;0;3;3;5;1;95052,1
2024;OCC;68507;C;2025-01-31 22:56:51;32118;2021;OCA;65638;220;59351;40;0;0;3;3;1;1;221415,48
2021;OCC;38614;C;2021-07-13 13:44:45;83261;2019;OCC;29304;220;30459;20;21;0;3;3;1;3;5000000
2023;OCC;54980;C;2023-07-19 15:26:13;96905;2011;OCC;10342;220;46685;70;0;0;3;3;1;1;34261982,68
2023;OCC;51129;C;2023-07-05 15:57:31;96905;2011;OCC;10342;220;46685;70;0;0;3;3;1;1;18470582,94
2023;OCC;54823;C;2023-07-19 13:23:21;32879;2021;OCC;32595;220;39219;70;71;0;3;3;1;4;975573
2022;OCC;67577;C;2022-11-04 11:41:20;311990;2021;OCA;65644;220;64784;70;0;0;3;3;1;4;1753584,51
2023;OCC;46638;C;2023-06-15 15:33:55;32321;2021;OCA;65639;220;57310;26;0;0;3;3;1;1;1874194,27
2022;OCC;67565;C;2022-11-04 11:17:58;311990;2021;OCA;65644;220;17801;50;0;0;3;3;1;4;1314373
2022;OCC;72459;C;2022-12-02 15:16:57;26296;2021;OCA;65640;220;63582;50;0;0;3;3;1;4;121610,86
2022;OCC;72470;C;2022-12-02 15:28:25;26296;2021;OCA;65640;220;63581;26;26;0;3;3;1;4;167955
2022;OCC;82076;C;2023-01-24 14:16:28;32879;2021;OCC;32595;220;47512;70;71;0;3;3;1;4;726400
2022;OCC;77703;C;2022-12-29 14:50:30;83261;2021;OCA;65643;220;64794;45;0;0;3;3;1;4;8386,95
2022;OCC;82073;C;2023-01-24 13:30:01;32848;2021;OCC;32593;220;47510;70;71;0;3;3;1;9;376150,51
2022;OCC;84314;C;2023-02-16 16:51:17;120202;2021;OCA;65641;220;70395;70;0;0;3;3;1;1;14420735,53
2022;OCC;84112;C;2023-02-14 16:47:55;120202;2021;OCA;65641;220;64794;45;0;0;3;3;1;4;599666,99
2023;OCC;92773;C;2024-03-01 09:14:41;32321;2021;OCA;65639;220;59921;40;0;0;3;3;1;1;238409,16
2023;OCC;92776;C;2024-03-01 09:14:42;32321;2021;OCA;65639;220;66850;70;0;0;3;3;1;1;379067080,2
2023;OCC;34541;C;2023-04-25 11:37:11;83261;2021;OCA;65643;220;29870;20;24;0;3;3;1;4;14796316,95
2023;OCC;93039;C;2024-03-20 11:04:32;275932;2021;OCA;65645;220;62724;20;30;0;3;3;1;1;820591,88
2023;OCC;93045;C;2024-03-20 12:02:49;26296;2021;OCA;65640;220;59921;40;0;0;3;3;1;1;1882942,22
2023;OCC;93047;C;2024-03-20 12:09:56;26296;2021;OCA;65640;220;62724;20;30;0;3;3;1;1;1470696,52
2023;OCC;92917;C;2024-03-08 13:55:33;32118;2021;OCA;65638;220;59921;40;0;0;3;3;1;1;1016891,19
2023;OCC;92922;C;2024-03-08 13:55:35;32118;2021;OCA;65638;220;66850;70;0;0;3;3;1;1;163977,91
2023;OCC;93009;C;2024-03-18 11:36:16;32879;2023;OCA;28334;220;59921;40;0;0;3;3;1;1;5586400,88
2023;OCC;93006;C;2024-03-18 10:16:48;120202;2021;OCA;65641;220;59926;50;0;0;3;3;1;1;225844,97
2024;OCC;56536;C;2024-11-21 12:25:16;94546;2021;OCA;65642;220;59349;21;0;0;3;3;1;1;487161,62
2025;OCC;30859;C;2025-05-21 10:49:36;32321;2023;OCA;76137;220;50459;29;0;0;3;3;1;1;14037068,88
2025;OCC;34035;C;2025-06-10 11:47:28;73551;2022;OCA;78336;220;44797;24;0;0;3;3;1;1;4028668,51
2025;OCC;32220;C;2025-05-27 20:30:58;311990;2023;OCA;76141;220;39993;50;0;0;3;3;1;1;4442069,94
2025;OCC;36142;C;2025-06-23 16:45:44;120202;2021;OCA;65641;220;50459;29;0;0;3;3;1;1;13460362,35
2025;OCC;30549;C;2025-05-19 16:22:33;120202;2023;OCA;76140;220;40304;21;0;0;3;3;1;1;24446898,26
2024;OCC;49077;C;2024-10-03 14:44:08;32321;2021;OCA;65639;220;62994;20;28;0;3;3;1;1;31184,81
2024;OCC;64374;C;2025-01-08 11:02:49;83261;2021;OCA;65643;220;54481;20;21;0;3;3;1;1;605699,72
2024;OCC;64437;C;2025-01-08 15:17:05;311990;2021;OCA;65644;220;50322;24;0;261;3;3;1;1;1668453,07
2024;OCC;64444;C;2025-01-08 15:17:12;311990;2021;OCA;65644;220;64579;50;0;0;3;3;1;1;792880,25
2024;OCC;53066;C;2024-10-25 13:22:36;94546;2023;OCA;76141;220;59349;21;0;0;3;3;1;1;244838,89
2024;OCC;53070;C;2024-10-25 13:24:22;94546;2023;OCA;76141;220;59349;21;0;0;3;3;1;1;10086462,75
2024;OCC;58115;C;2024-12-02 14:30:03;311990;2023;OCA;76141;220;59357;50;0;0;3;3;1;1;699052,24
2024;OCC;58566;C;2024-12-04 10:43:31;32321;2023;OCA;76141;220;59357;50;0;0;3;3;1;1;8063514,9
2024;OCC;58578;C;2024-12-04 11:24:12;120202;2023;OCA;76141;220;54481;20;21;0;3;3;1;1;296970,04
2024;OCC;52826;C;2024-10-24 15:11:57;26296;2023;OCA;76135;220;59347;20;0;0;3;3;1;1;699599,63
2024;OCC;55108;C;2024-11-08 16:20:21;32879;2023;OCA;76141;220;59349;21;0;0;3;3;1;1;14987786,3
2024;OCC;55115;C;2024-11-08 16:22:24;32879;2023;OCA;76141;220;61887;24;0;0;3;3;1;1;1217183,22
2024;OCC;54925;C;2024-11-08 12:14:26;32118;2021;OCA;65638;220;59349;21;0;0;3;3;1;1;8208,73
2024;OCC;46820;C;2024-09-18 16:14:12;32321;2021;OCA;65639;220;59357;50;0;0;3;3;1;1;117417,3
2024;OCC;47401;C;2024-09-20 15:38:42;120202;2021;OCA;65641;220;59347;20;0;0;3;3;1;1;69751,81
2024;OCC;45180;C;2024-09-06 11:09:04;32118;2023;OCA;76141;220;59355;31;0;0;3;3;1;1;53591
2024;OCC;46090;C;2024-09-16 10:40:42;83261;2023;OCA;76135;220;59941;21;0;0;3;3;1;1;15164148,84
2024;OCC;48902;C;2024-10-02 12:41:30;311990;2021;OCA;65644;220;62862;75;0;510;3;3;1;1;68844,6
2024;OCC;48904;C;2024-10-02 12:41:32;311990;2021;OCA;65644;220;62427;60;0;602;3;3;1;1;33547,8
2024;OCC;41184;C;2024-08-12 14:44:16;26296;2024;OCC;34689;220;60005;21;0;0;3;3;1;1;274420
2024;OCC;37990;C;2024-07-24 11:52:38;83261;2023;OCA;76140;220;56474;29;0;0;3;3;1;4;6352392,32
2024;OCC;68505;C;2025-01-31 22:56:45;32118;2021;OCA;65638;220;67694;50;0;0;3;3;5;1;315828,81
2022;OCC;85528;C;2023-03-01 16:08:46;124204;2022;OCC;85505;220;65023;35;0;0;3;3;5;1;713915,18
2022;OCC;77187;C;2022-12-28 14:55:33;216656;2019;OCA;43555;220;4751;21;0;0;3;3;5;3;21176,38
2022;OCC;77225;C;2022-12-28 15:29:39;120202;2019;OCB;11597;220;4760;21;0;0;3;3;5;12;726268,32
2022;OCC;85411;C;2023-03-01 11:31:25;49584;2022;OCC;85408;220;65023;35;0;0;3;3;5;1;5831555,54
2023;OCC;32957;C;2023-04-18 16:30:54;124204;2022;OCC;85528;220;47218;35;0;0;3;3;5;1;4516520,28
2023;OCC;85901;C;2023-12-07 09:39:35;49584;2023;OCC;85323;220;47218;35;0;0;3;3;5;1;11290837,52
2023;OCC;69617;X;2023-09-20 16:10:35;184228;;;;220;60226;70;0;0;3;3;1;4;4696200
2023;OCC;70116;C;2023-09-22 11:22:11;311990;2021;OCA;65644;220;59958;26;26;0;3;3;1;1;802853,19
2023;OCC;75397;C;2023-10-18 15:02:53;32321;2021;OCA;65639;220;59926;50;0;0;3;3;1;1;20354825,39
2023;OCC;79248;C;2023-11-07 10:58:59;120202;2021;OCA;65641;220;62724;20;30;0;3;3;1;1;3317567,33
2023;OCC;79506;C;2023-11-08 11:06:49;26296;2021;OCA;65640;220;62724;20;30;0;3;3;1;1;638312,35
2023;OCC;68078;C;2023-09-14 16:27:07;311990;2021;OCA;65644;220;62725;35;0;0;3;3;1;1;1381333,77
2023;OCC;67531;C;2023-09-12 16:51:52;32321;2021;OCA;65639;220;62724;20;30;0;3;3;1;1;554480,89
2022;OCC;57467;C;2022-09-12 09:55:02;120202;2020;OCC;36838;220;61782;70;0;0;3;3;1;14;201652,38
2024;OCC;50519;C;2024-10-14 15:34:14;120202;2021;OCA;65641;220;59355;31;0;0;3;3;1;1;223842
2025;OCC;28456;C;2025-05-07 15:17:35;32879;2023;OCA;76137;220;49832;50;0;513;3;3;1;1;584125,74
2025;OCC;27622;C;2025-04-29 17:35:22;311990;2023;OCA;76135;220;41571;55;0;0;3;3;1;1;18912155,36
2025;OCC;22599;C;2025-03-26 16:44:02;311990;2021;OCA;65644;220;44796;60;0;0;3;3;1;1;33315548,97
2024;OCC;69070;C;2025-02-12 20:43:00;32879;2023;OCA;76141;220;61887;24;0;0;3;3;1;1;242352
2024;OCC;67504;C;2025-01-27 14:45:28;32879;2023;OCA;76141;220;59355;31;0;0;3;3;1;1;6340041,52
2024;OCC;67473;C;2025-01-24 16:18:22;32879;2023;OCA;76141;220;55491;20;28;0;3;3;1;4;429179,47
2024;OCC;66608;C;2025-01-17 13:02:05;32321;2021;OCA;65639;220;59353;45;0;0;3;3;1;1;22050
2024;OCC;65066;C;2025-01-13 10:57:23;83261;2023;OCA;76141;220;59941;21;0;0;3;3;1;1;12018356,02
2024;OCC;69151;C;2025-02-14 15:23:30;73551;2023;OCA;76138;220;61885;60;0;0;3;3;1;1;6803921
2024;OCC;65708;C;2025-01-14 16:17:35;32118;2023;OCA;76137;220;57114;29;0;0;3;3;1;1;1124562,61
2024;OCC;67505;C;2025-01-24 17:51:14;32879;2023;OCA;76134;220;61885;60;0;0;3;3;1;1;23112792,72
2024;OCC;67466;C;2025-01-24 16:08:33;32879;2023;OCA;76138;220;59351;40;0;0;3;3;1;1;1659855,08
2024;OCC;64465;C;2025-01-08 16:27:32;311990;2021;OCA;65644;220;60897;50;0;513;3;3;1;1;29289870,12
2024;OCC;66725;C;2025-01-17 16:20:29;311990;2021;OCA;65644;220;59941;21;0;0;3;3;1;1;10893080,92
2024;OCC;68485;C;2025-01-31 19:27:20;94546;2021;OCA;65642;220;62994;20;28;0;3;3;1;1;136268,12
2024;OCC;66874;C;2025-01-20 14:51:02;311990;2023;OCA;76141;220;60897;50;0;513;3;3;1;1;760918,13
2024;OCC;69050;C;2025-02-12 16:34:12;32118;2023;OCA;76141;220;59353;45;0;0;3;3;1;1;989386,81
2024;OCC;68502;C;2025-01-31 22:56:38;32118;2021;OCA;65638;220;64579;50;0;0;3;3;1;1;29140
2024;OCC;68503;C;2025-01-31 22:56:40;32118;2021;OCA;65638;220;59355;31;0;0;3;3;1;1;166166
2024;OCC;68508;C;2025-01-31 22:56:53;32118;2021;OCA;65638;220;59941;21;0;0;3;3;1;1;19296649,81
2021;OCC;39823;C;2021-07-20 15:05:31;83261;2019;OCC;29304;220;30461;20;21;0;3;3;1;7;1790000
2023;OCC;51135;C;2023-07-05 15:57:44;96905;2012;OCC;8006;220;46685;70;0;0;3;3;1;1;29158571,45
2023;OCC;54819;C;2023-07-19 13:15:34;32879;2021;OCC;32595;220;39219;70;71;0;3;3;1;4;1404696
2022;OCC;66486;X;2022-11-03 13:55:39;311990;;;;220;64747;20;22;510;3;3;1;4;1911763
2022;OCC;67422;C;2022-11-03 14:53:00;311990;2021;OCA;65644;220;64747;20;22;510;3;3;1;4;1911763
2023;OCC;46610;C;2023-06-15 15:09:27;94546;2021;OCA;65642;220;57310;26;0;0;3;3;1;1;350407,18
2023;OCC;55627;C;2023-07-21 13:13:54;32848;2021;OCC;32593;220;39211;70;71;0;3;3;1;10;2245633
2022;OCC;67568;C;2022-11-04 11:26:40;311990;2021;OCA;65644;220;64794;45;0;0;3;3;1;4;8386,96
2022;OCC;82385;C;2023-01-26 18:49:16;32879;2021;OCC;32595;220;47510;70;71;0;3;3;1;9;5761665,06
2022;OCC;72480;C;2022-12-02 15:37:59;26296;2021;OCA;65640;220;64794;45;0;0;3;3;1;4;188706,45
2022;OCC;72278;C;2022-12-01 17:02:53;94546;2021;OCA;65642;220;65024;40;0;0;3;3;1;4;159850
2022;OCC;82349;C;2023-01-26 15:04:03;26296;2021;OCA;65640;220;65024;40;0;0;3;3;1;4;84672
2022;OCC;76225;C;2023-01-24 12:45:03;32848;2021;OCC;32593;220;47509;70;71;0;3;3;1;15;1997782
2022;OCC;82989;C;2023-02-01 15:21:05;311990;2021;OCA;65644;220;64794;45;0;0;3;3;1;4;62902,22
2022;OCC;84446;C;2023-02-23 16:12:56;32118;2021;OCA;65638;220;27127;70;0;0;3;3;1;4;6835302,22
2022;OCC;84346;C;2023-02-22 12:04:46;32118;2021;OCA;65638;220;65024;40;0;0;3;3;1;4;1338800,6
2022;OCC;84333;C;2023-02-17 14:10:47;311990;2021;OCA;65644;220;63582;50;0;0;3;3;1;4;134191,2
2022;OCC;84337;C;2023-02-17 16:21:12;32321;2021;OCA;65639;220;65024;40;0;0;3;3;1;4;131418
2023;OCC;38234;C;2023-05-10 16:21:51;26296;2021;OCA;65640;220;10522;40;0;0;3;3;1;4;56877,42
2023;OCC;33135;C;2023-04-19 12:49:28;32321;2021;OCA;65639;220;52560;45;0;0;3;3;1;1;4552409,17
2023;OCC;43636;C;2023-06-01 15:24:34;96905;2011;OCC;10342;220;46685;70;0;0;3;3;1;1;9541492,69
2023;OCC;40930;C;2023-05-19 14:24:41;120202;2021;OCA;65641;220;10522;40;0;0;3;3;1;4;752732,15
2023;OCC;45687;C;2023-06-12 14:29:56;94546;2021;OCA;65642;220;5833;26;0;0;3;3;1;4;324526,15
2023;OCC;45718;C;2023-06-12 14:58:41;32321;2021;OCA;65639;220;5833;26;0;0;3;3;1;4;7154230,78
2023;OCC;44901;C;2023-06-07 16:54:41;96905;2011;OCC;10342;220;46685;70;0;0;3;3;1;1;10318051,05
2023;OCC;93055;C;2024-03-20 14:32:45;83261;2021;OCA;65643;220;59921;40;0;0;3;3;1;1;1338731,58
2023;OCC;93051;C;2024-03-20 12:49:20;26205;2022;OCA;78330;220;66850;70;0;0;3;3;1;1;350042
2023;OCC;93043;C;2024-03-20 11:38:46;32321;2021;OCA;65639;220;59926;50;0;0;3;3;1;1;1792813,65
2023;OCC;92920;C;2024-03-08 13:55:33;32118;2021;OCA;65638;220;62724;20;30;0;3;3;1;1;1426663,92
2023;OCC;92809;C;2024-03-04 14:55:43;120202;2021;OCA;65641;220;66850;70;0;0;3;3;1;1;105729302
2023;OCC;92826;C;2024-03-04 16:41:52;311990;2021;OCA;65644;220;59926;50;0;0;3;3;1;1;80316,6
2024;OCC;54832;C;2024-11-07 16:07:31;32321;2023;OCA;76141;220;57114;29;0;0;3;3;1;1;8023356,75
2025;OCC;30319;C;2025-05-16 16:04:23;311990;2023;OCA;76140;220;41571;55;0;0;3;3;1;1;38354680,54
2025;OCC;32218;C;2025-05-27 20:31:00;311990;2023;OCA;76139;220;40304;21;0;0;3;3;1;1;2964176,09
2025;OCC;35602;C;2025-06-18 16:39:04;32879;2023;OCA;76138;220;40410;21;0;270;3;3;1;1;68718,87
2025;OCC;35616;C;2025-06-18 16:49:15;32879;2023;OCA;76139;220;39999;9;0;0;3;3;1;1;657549,94
2025;OCC;36145;C;2025-06-23 16:50:23;32321;2021;OCA;65639;220;50459;29;0;0;3;3;1;1;32985003,13
2025;OCC;30794;C;2025-05-20 16:21:49;311990;2021;OCA;65644;220;50459;29;0;0;3;3;1;1;33155357,87
2023;OCC;84833;C;2023-12-05 11:57:24;311990;2021;OCA;65644;220;59958;26;26;0;3;3;1;1;1754550
2023;OCC;86151;C;2023-12-07 16:26:46;120202;2021;OCA;65641;220;66850;70;0;0;3;3;1;1;50150417,88
2024;OCC;63198;C;2024-12-26 14:51:00;120202;2023;OCA;76141;220;57114;29;0;0;3;3;1;1;18258629,01
2024;OCC;59629;C;2024-12-09 11:04:05;32321;2023;OCA;76141;220;59349;21;0;0;3;3;1;1;1213677,86
2024;OCC;62110;C;2024-12-19 11:08:11;275932;2023;OCA;76141;220;57114;29;0;0;3;3;1;1;1433487,17
2024;OCC;52816;C;2024-10-24 15:11:45;26296;2023;OCA;76141;220;62994;20;28;0;3;3;1;1;583095
2024;OCC;64441;C;2025-01-08 15:17:09;311990;2021;OCA;65644;220;63863;35;0;0;3;3;1;1;163153
2024;OCC;64321;C;2025-01-07 16:12:38;32321;2021;OCA;65639;220;57126;50;0;0;3;3;1;1;107352,96
2024;OCC;51829;C;2024-10-21 12:23:44;83261;2021;OCA;65643;220;57114;29;0;0;3;3;1;1;2197678,55
2024;OCC;61840;C;2024-12-18 12:19:47;32118;2021;OCA;65638;220;54481;20;21;0;3;3;1;1;94012
2024;OCC;51706;C;2024-10-18 16:20:01;311990;2021;OCA;65644;220;60897;50;0;513;3;3;1;1;19111025,62
2024;OCC;53062;C;2024-10-25 13:11:23;94546;2023;OCA;76141;220;57114;29;0;0;3;3;1;1;2239510,04
2024;OCC;50530;C;2024-10-14 15:34:18;120202;2021;OCA;65641;220;59347;20;0;0;3;3;1;1;35740,71
2024;OCC;55089;C;2024-11-08 16:08:17;32879;2023;OCA;76141;220;59357;50;0;0;3;3;1;1;11705602,65
2024;OCC;55890;C;2024-11-15 11:56:19;73551;2023;OCA;76141;220;50318;55;0;0;3;3;1;1;2905732,52
2024;OCC;55900;C;2024-11-15 12:03:36;73551;2023;OCA;76141;220;60104;75;0;0;3;3;1;1;913470,42
2024;OCC;53016;C;2024-10-25 12:12:06;94546;2023;OCA;76141;220;60102;20;21;0;3;3;1;1;221853,08
2024;OCC;57581;C;2024-11-28 13:11:52;26296;2021;OCA;65640;220;60005;21;0;0;3;3;1;1;339648,46
2024;OCC;54927;C;2024-11-08 12:14:38;32118;2021;OCA;65638;220;59357;50;0;0;3;3;1;1;10243,57
2024;OCC;30776;C;2024-06-05 10:29:26;311990;2023;OCA;76141;220;50319;60;0;0;3;3;1;1;732766,85
2024;OCC;46737;C;2024-09-18 14:59:24;94546;2021;OCA;65642;220;59351;40;0;0;3;3;1;1;857811,53
2024;OCC;46740;C;2024-09-18 14:59:26;94546;2021;OCA;65642;220;54101;40;0;0;3;3;1;1;221415,48
2024;OCC;45249;C;2024-09-06 14:33:44;32879;2023;OCA;76141;220;59349;21;0;0;3;3;1;1;4060304,82
2024;OCC;42225;C;2024-08-16 11:49:44;120202;2023;OCA;76140;220;60104;75;0;0;3;3;1;1;67095,6
2024;OCC;46091;C;2024-09-16 10:40:42;83261;2023;OCA;76135;220;59351;40;0;0;3;3;1;1;102171,54
2024;OCC;46094;C;2024-09-16 10:40:04;83261;2023;OCA;76134;220;57114;29;0;0;3;3;1;1;229993,85
2022;OCC;78263;C;2022-12-30 15:58:58;216656;2019;OCA;43555;220;4753;21;0;0;3;3;5;5;859037,32
2022;OCC;84365;C;2023-02-23 11:25:47;32321;2021;OCA;65639;220;59377;50;0;0;3;3;5;4;1739695,54
2024;OCC;51708;C;2024-10-18 16:20:10;311990;2021;OCA;65644;220;16960;50;0;0;3;3;5;1;8386,95
2021;OCC;72984;C;2022-01-04 12:15:17;216656;2019;OCA;43555;220;3714;21;0;0;3;3;5;3;2401169,06
2021;OCC;72984;C;2022-01-04 12:15:17;216656;2019;OCA;43555;220;3715;21;0;0;3;3;5;4;165340,33
2022;OCC;59681;C;2022-09-21 14:23:34;216656;2019;OCA;43555;220;4752;21;0;0;3;3;5;4;1279848,28
2022;OCC;59681;C;2022-09-21 14:23:34;216656;2019;OCA;43555;220;4749;21;0;0;3;3;5;1;247625,98
2022;OCC;77248;C;2022-12-28 15:39:00;120202;2021;OCC;73255;220;4759;21;0;0;3;3;5;11;3273615,99
2024;OCC;2394;C;2024-01-23 12:33:31;256481;2019;OCC;29696;220;40553;35;0;0;3;2;1;1;1200000
2023;OCC;66327;C;2023-09-06 15:51:09;83261;2021;OCA;65643;220;59921;40;0;0;3;3;1;1;752539
2023;OCC;75797;C;2023-10-19 15:36:10;83261;2021;OCA;65643;220;59928;50;0;513;3;3;1;1;1173711,76
2023;OCC;75829;C;2023-10-19 16:05:39;83261;2021;OCA;65643;220;59958;26;26;0;3;3;1;1;916007,88
2023;OCC;71958;C;2023-09-28 15:29:34;26296;2021;OCA;65640;220;59921;40;0;0;3;3;1;1;121381,64
2023;OCC;67413;C;2023-09-12 14:53:08;32321;2021;OCA;65639;220;59913;20;30;0;3;3;1;4;181896,94
2023;OCC;63840;C;2023-08-28 13:04:49;311990;2021;OCA;65644;220;59934;70;0;0;3;3;1;1;182760,99
2023;OCC;68059;C;2023-09-14 15:53:39;311990;2021;OCA;65644;220;59958;26;26;0;3;3;1;1;883479,39
2023;OCC;68074;C;2023-09-14 16:27:06;311990;2021;OCA;65644;220;59921;40;0;0;3;3;1;1;1229310,33
2023;OCC;68082;C;2023-09-14 16:29:52;311990;2021;OCA;65644;220;59928;50;0;513;3;3;1;1;308940
2023;OCC;67472;C;2023-09-12 15:42:47;32321;2021;OCA;65639;220;62375;70;71;0;3;3;1;1;299477812,6
2024;OCC;54389;C;2024-11-05 15:31:43;26205;2023;OCA;76134;220;61885;60;0;0;3;3;1;1;345327
2024;OCC;54835;C;2024-11-07 16:10:19;32321;2023;OCA;76141;220;59941;21;0;0;3;3;1;1;61489185,94
2023;OCC;82383;C;2023-11-24 16:24:58;96905;2011;OCC;10342;220;46685;70;0;0;3;3;1;1;15225778,42
2023;OCC;92810;C;2024-03-04 15:08:09;120202;2021;OCA;65641;220;59921;40;0;0;3;3;1;1;12244058,42
2023;OCC;66028;C;2023-09-05 16:48:29;120202;2021;OCA;65641;220;58493;70;0;0;3;3;1;1;13440786,92
2023;OCC;69538;C;2023-09-20 14:50:43;32118;2021;OCA;65638;220;59930;55;0;0;3;3;1;1;309480
2023;OCC;69530;C;2023-09-20 14:44:43;32118;2021;OCA;65638;220;59958;26;26;0;3;3;1;1;126213,33
2023;OCC;75349;C;2023-10-18 14:19:33;120202;2021;OCA;65641;220;59934;70;0;0;3;3;1;1;14565695
2023;OCC;74952;C;2023-10-12 15:47:21;32321;2021;OCA;65639;220;59926;50;0;0;3;3;1;1;10611462,13
2023;OCC;67960;C;2023-09-14 12:12:46;83261;2021;OCA;65643;220;59921;40;0;0;3;3;1;1;4610749,17
2025;OCC;27815;C;2025-04-30 15:55:34;275932;2023;OCA;76140;220;49802;20;28;0;3;3;1;1;282539,36
2024;OCC;50516;C;2024-10-14 15:34:13;120202;2021;OCA;65641;220;57126;50;0;0;3;3;1;1;31005
2025;OCC;29482;C;2025-05-13 11:11:29;32118;2023;OCA;76137;220;39993;50;0;0;3;3;1;1;18755
2025;OCC;22579;C;2025-03-26 15:55:27;32118;2021;OCA;65638;220;44816;45;0;0;3;3;1;1;558287,92
2024;OCC;69059;C;2025-02-12 20:17:55;32879;2023;OCA;76141;220;54481;20;21;0;3;3;1;1;1452482,72
2024;OCC;69069;C;2025-02-12 20:37:00;32879;2023;OCA;76141;220;55491;20;28;0;3;3;1;4;19535262,17
2024;OCC;69071;C;2025-02-12 20:44:19;32879;2023;OCA;76141;220;64641;50;0;0;3;3;1;1;2357170,2
2024;OCC;69073;C;2025-02-12 20:46:47;32879;2023;OCA;76141;220;59357;50;0;0;3;3;1;1;2375959,65
2024;OCC;69090;C;2025-02-13 12:31:53;26205;2023;OCA;76134;220;65150;50;0;0;3;3;1;1;68946,67
2024;OCC;68904;C;2025-02-10 10:18:57;311990;2021;OCA;65644;220;50322;24;0;261;3;3;1;1;284633,98
2024;OCC;68914;C;2025-02-10 10:51:39;275932;2021;OCA;65645;220;59355;31;0;0;3;3;1;1;700032,22
2024;OCC;68495;C;2025-01-31 21:43:10;26296;2021;OCA;65640;220;62994;20;28;0;3;3;1;1;2844549
2024;OCC;68496;C;2025-01-31 21:43:12;26296;2021;OCA;65640;220;59357;50;0;0;3;3;1;1;4825372,92
2024;OCC;69042;C;2025-02-12 16:14:53;32321;2021;OCA;65639;220;67646;35;0;0;3;3;1;1;1359051,3
2024;OCC;69150;C;2025-02-14 15:21:25;73551;2023;OCA;76134;220;50318;55;0;0;3;3;1;1;3129824,64
2024;OCC;67234;C;2025-01-22 15:31:21;26296;2023;OCA;76141;220;54481;20;21;0;3;3;1;1;1708618,49
2024;OCC;67353;C;2025-01-24 10:43:37;73551;2023;OCA;76141;220;60104;75;0;0;3;3;1;1;1372484,41
2024;OCC;68856;C;2025-02-07 14:51:38;83261;2021;OCA;65643;220;62994;20;28;0;3;3;1;1;230261,42
2024;OCC;68052;C;2025-01-29 15:54:58;120202;2021;OCA;65641;220;67950;75;0;0;3;3;1;1;56773747,87
2024;OCC;67456;C;2025-01-24 15:53:11;32879;2023;OCA;76134;220;55654;50;0;0;3;3;1;1;1939007,07
2024;OCC;68980;C;2025-02-10 20:03:50;32321;2021;OCA;65639;220;56474;29;0;0;3;3;1;4;15428382,26
2024;OCC;68981;C;2025-02-10 20:03:55;311990;2021;OCA;65644;220;56474;29;0;0;3;3;1;4;20314890,64
2024;OCC;69158;C;2025-02-14 15:37:02;73551;2023;OCA;76134;220;50317;50;0;0;3;3;1;1;406633,29
2024;OCC;69082;C;2025-02-13 11:19:53;32879;2023;OCA;76141;220;55654;50;0;0;3;3;1;1;195364,24
2024;OCC;68091;C;2025-01-29 16:38:03;32321;2021;OCA;65639;220;59349;21;0;0;3;3;1;1;102754074,2
2024;OCC;68478;C;2025-01-31 19:26:59;94546;2021;OCA;65642;220;59347;20;0;0;3;3;1;1;81609,42
2024;OCC;68479;C;2025-01-31 19:27:02;94546;2021;OCA;65642;220;54481;20;21;0;3;3;1;1;728566,37
2024;OCC;68484;C;2025-01-31 19:27:17;94546;2021;OCA;65642;220;57126;50;0;0;3;3;1;1;95052,1
2024;OCC;69047;C;2025-02-12 16:34:09;32118;2023;OCA;76141;220;50318;55;0;0;3;3;1;1;816115,08
2024;OCC;68501;C;2025-01-31 22:56:34;32118;2021;OCA;65638;220;59353;45;0;0;3;3;1;1;57177,38
2024;OCC;67297;C;2025-01-23 14:18:44;73551;2023;OCA;76141;220;59349;21;0;0;3;3;1;1;1288073,52
2024;OCC;68506;C;2025-01-31 22:56:48;32118;2021;OCA;65638;220;57114;29;0;0;3;3;1;1;477715,21
2022;OCC;67527;C;2022-11-03 17:11:24;311990;2021;OCA;65644;220;35715;50;0;513;3;3;1;1;1563093,1
2023;OCC;47350;C;2023-06-21 14:17:34;32118;2021;OCA;65638;220;5833;26;0;0;3;3;1;4;316417,43
2022;OCC;57197;C;2022-09-08 19:01:58;83261;2021;OCC;32596;220;47516;70;71;0;3;3;1;7;1703386,64
2022;OCC;72518;C;2022-12-02 16:48:56;94546;2021;OCA;65642;220;63582;50;0;0;3;3;1;4;184512,9
2022;OCC;71972;C;2022-11-30 14:01:25;311990;2022;OCC;66964;220;65024;40;0;0;3;3;1;4;34419
2022;OCC;82351;C;2023-01-26 15:04:04;26296;2021;OCA;65640;220;64794;45;0;0;3;3;1;4;50321,7
2022;OCC;70439;C;2022-11-22 16:06:56;83261;2021;OCA;65643;220;64794;45;0;0;3;3;1;4;67095,68
2022;OCC;84360;C;2023-02-22 18:38:39;311990;2022;OCC;66964;220;64794;45;0;0;3;3;1;4;14513802,25
2022;OCC;84501;C;2023-02-23 18:27:27;32321;2022;OCC;84367;220;4096;21;0;0;3;3;1;4;62900520,53
2022;OCC;84473;C;2023-02-23 16:45:37;311990;2021;OCA;65644;220;4096;21;0;0;3;3;1;4;2015602,03
2022;OCC;84143;C;2023-02-15 10:48:04;311990;2021;OCA;65644;220;66653;50;0;513;3;3;1;4;1562516,73
2022;OCC;84535;C;2023-02-24 10:58:50;94546;2021;OCA;65642;220;4096;21;0;0;3;3;1;4;1187511,7
2023;OCC;38138;C;2023-05-10 14:11:03;32321;2021;OCA;65639;220;10522;40;0;0;3;3;1;4;2926740,94
2023;OCC;92774;C;2024-03-01 09:14:41;32321;2021;OCA;65639;220;59958;26;26;0;3;3;1;1;26495534,71
2023;OCC;92794;C;2024-03-04 14:06:41;120202;2021;OCA;65641;220;59958;26;26;0;3;3;1;1;72512091,61
2023;OCC;33470;C;2023-04-20 11:18:00;311990;2021;OCA;65644;220;52746;45;0;0;3;3;1;4;16436963,57
2023;OCC;45705;C;2023-06-12 14:48:59;120202;2021;OCA;65641;220;5833;26;0;0;3;3;1;4;6646989,6
2023;OCC;93053;C;2024-03-20 14:18:26;26205;2022;OCA;78330;220;66850;70;0;0;3;3;1;1;75304
2023;OCC;93024;C;2024-03-19 14:37:48;32879;2023;OCA;28334;220;66850;70;0;0;3;3;1;1;2136790,3
2023;OCC;93056;C;2024-03-20 14:34:30;83261;2021;OCA;65643;220;59958;26;26;0;3;3;1;1;4337006,56
2023;OCC;92919;C;2024-03-08 13:55:33;32118;2021;OCA;65638;220;59958;26;26;0;3;3;1;1;13005101,66
2023;OCC;92891;C;2024-03-07 10:49:03;94546;2021;OCA;65642;220;62724;20;30;0;3;3;1;1;1749028,77
2023;OCC;93008;C;2024-03-18 11:34:04;32879;2023;OCA;28334;220;59926;50;0;0;3;3;1;1;2993844,41
2023;OCC;92806;C;2024-03-04 14:51:33;120202;2021;OCA;65641;220;66850;70;0;0;3;3;1;1;15217998,74
2023;OCC;93065;C;2024-03-20 15:17:37;32321;2021;OCA;65639;220;62724;20;30;0;3;3;1;1;384080
2023;OCC;92818;C;2024-03-04 15:57:25;311990;2021;OCA;65644;220;59958;26;26;0;3;3;1;1;1909166,32
2025;OCC;32378;C;2025-05-28 16:38:59;32321;2023;OCA;76134;220;39993;50;0;0;3;3;1;1;156049,51
2025;OCC;32219;C;2025-05-27 20:31:00;311990;2023;OCA;76139;220;44797;24;0;0;3;3;1;1;597912,59
2025;OCC;35618;C;2025-06-18 16:52:20;32879;2023;OCA;76137;220;39993;50;0;0;3;3;1;1;642204,44
2025;OCC;30256;C;2025-05-16 14:52:21;73551;2023;OCA;76135;220;39993;50;0;0;3;3;1;1;307298,54
2024;OCC;59636;C;2024-12-09 11:10:16;32321;2023;OCA;76141;220;59941;21;0;0;3;3;1;1;713929,17
2024;OCC;49070;C;2024-10-03 14:44:08;32321;2021;OCA;65639;220;59941;21;0;0;3;3;1;1;71018896,16
2024;OCC;52815;C;2024-10-24 15:03:48;311990;2021;OCA;65644;220;57114;29;0;0;3;3;1;1;1086471,28
2024;OCC;51842;C;2024-10-21 12:23:50;83261;2021;OCA;65643;220;59347;20;0;0;3;3;1;1;264742,94
2024;OCC;52844;C;2024-10-24 15:23:33;311990;2023;OCA;76141;220;63863;35;0;0;3;3;1;1;153332,95
2024;OCC;53034;C;2024-10-25 12:40:13;275932;2021;OCA;65645;220;61885;60;0;0;3;3;1;1;94068,29
2024;OCC;53039;C;2024-10-25 12:49:35;94546;2023;OCA;76141;220;59941;21;0;0;3;3;1;1;833376,91
2024;OCC;53080;C;2024-10-25 13:36:56;94546;2023;OCA;76141;220;59347;20;0;0;3;3;1;1;9722,55
2024;OCC;55894;C;2024-11-15 11:58:46;73551;2023;OCA;76141;220;59357;50;0;0;3;3;1;1;14149656,35
2024;OCC;57580;C;2024-11-28 13:11:50;26296;2021;OCA;65640;220;54481;20;21;0;3;3;1;1;708923,9
2024;OCC;54459;C;2024-11-06 11:58:38;120202;2021;OCA;65641;220;53909;21;0;0;3;3;1;1;252020,8
2024;OCC;54462;C;2024-11-06 11:58:40;120202;2021;OCA;65641;220;59941;21;0;0;3;3;1;1;922925,75
2024;OCC;54923;C;2024-11-08 12:14:23;32118;2021;OCA;65638;220;59941;21;0;0;3;3;1;1;1807275,07
2024;OCC;34689;C;2024-07-05 16:28:37;26296;2023;OCA;76139;220;56474;29;0;0;3;3;1;4;3986054,02
2024;OCC;41524;C;2024-08-13 15:10:52;32321;2024;OCC;34332;220;50318;55;0;0;3;3;1;1;263490,01
2024;OCC;41535;C;2024-08-13 15:19:14;32321;2024;OCC;37876;220;59349;21;0;0;3;3;1;1;545822,16
2024;OCC;45178;C;2024-09-06 10:57:03;32118;2023;OCA;76141;220;57114;29;0;0;3;3;1;1;3370984,97
2024;OCC;42221;C;2024-08-16 11:44:41;120202;2023;OCA;76140;220;59357;50;0;0;3;3;1;1;11034985,12
2024;OCC;45193;C;2024-09-06 11:54:41;32118;2023;OCA;76141;220;59357;50;0;0;3;3;1;1;75482,55
2023;OCC;78276;C;2023-10-31 14:18:41;49584;2023;OCC;76515;220;47218;35;0;0;3;3;5;1;1064844,79
2023;OCC;74293;C;2023-10-10 16:06:22;124204;2023;OCC;74285;220;47218;35;0;0;3;3;5;1;496920,28
2022;OCC;34315;U;2022-05-23 14:23:03;120202;2019;OCB;11597;220;;21;0;0;3;3;5;12;179682,06
2022;OCC;82353;C;2023-01-26 15:07:06;120202;2019;OCB;11597;220;4755;21;0;0;3;3;5;7;2772204,07
2022;OCC;78263;C;2022-12-30 15:58:58;216656;2019;OCA;43555;220;4750;21;0;0;3;3;5;2;989767,59
2022;OCC;84298;C;2023-02-16 11:38:49;49584;2022;OCC;69254;220;65023;35;0;0;3;3;5;1;1781203,37
2022;OCC;84363;C;2023-02-23 10:41:30;76848;2021;OCA;65645;220;39385;45;0;0;3;3;5;4;251608,54
2022;OCC;85523;C;2023-03-01 16:04:32;83261;2022;OCC;85519;220;65023;35;0;0;3;3;5;1;335162,6
2022;OCC;84336;C;2023-02-17 16:04:02;94546;2021;OCA;65642;220;48338;40;0;0;3;3;5;4;5717326,19
2022;OCC;84313;C;2023-02-16 16:33:29;120202;2021;OCA;65641;220;48338;40;0;0;3;3;5;4;6546959,5
2023;OCC;84704;C;2023-12-04 16:14:37;32321;2023;OCC;84663;220;47218;35;0;0;3;3;5;1;140272,53
2022;OCC;84546;C;2023-02-24 11:42:33;124204;2022;OCC;84539;220;65023;35;0;0;3;3;5;1;741029,99
2023;OCC;77412;C;2023-10-26 12:27:16;32321;2023;OCC;76618;220;47218;35;0;0;3;3;5;1;53346,44
2022;OCC;40033;C;2022-06-14 09:53:29;216656;2019;OCA;43555;220;4752;21;0;0;3;3;5;4;2579730,96
2022;OCC;36734;C;2022-05-26 13:37:14;216656;2019;OCA;43555;220;4752;21;0;0;3;3;5;4;4335887,49
2021;OCC;73255;C;2022-01-05 15:25:33;120202;2019;OCB;11597;220;3726;21;0;0;3;3;5;15;635304,05
2021;OCC;73255;C;2022-01-05 15:25:33;120202;2019;OCB;11597;220;3717;21;0;0;3;3;5;6;193236,14
2022;OCC;77187;C;2022-12-28 14:55:33;216656;2019;OCA;43555;220;4753;21;0;0;3;3;5;5;52533
2024;OCC;2294;C;2024-01-23 11:53:34;159440;2013;OCC;72069;220;40553;35;0;0;3;2;1;1;2369000
2023;OCC;70105;C;2023-09-22 11:02:30;311990;2021;OCA;65644;220;62725;35;0;0;3;3;1;1;1790161,18
2023;OCC;67529;C;2023-09-12 16:47:31;26296;2021;OCA;65640;220;59913;20;30;0;3;3;1;4;55762
2023;OCC;72033;C;2023-09-28 16:32:47;83261;2021;OCA;65643;220;59958;26;26;0;3;3;1;1;75532
2023;OCC;66583;C;2023-09-07 14:39:34;120202;2021;OCA;65641;220;59923;40;0;0;3;3;1;4;1088962,39
2023;OCC;79505;C;2023-11-08 11:06:49;26296;2021;OCA;65640;220;59958;26;26;0;3;3;1;1;20031968,55
2023;OCC;68067;C;2023-09-14 16:10:07;311990;2021;OCA;65644;220;59979;21;0;0;3;3;1;1;53345,51
2023;OCC;75760;C;2023-10-19 14:59:32;83261;2021;OCA;65643;220;59921;40;0;0;3;3;1;1;7144243,03
2023;OCC;79216;C;2023-11-07 10:14:34;311990;2021;OCA;65644;220;59936;70;0;0;3;3;1;4;31874328,44
2023;OCC;67489;C;2023-09-12 15:56:09;32321;2021;OCA;65639;220;59958;26;26;0;3;3;1;1;40245817,03
2023;OCC;67510;C;2023-09-12 16:08:53;32321;2021;OCA;65639;220;62689;70;0;0;3;3;1;1;81786393,47
2023;OCC;67983;C;2023-09-14 12:51:33;96905;2011;OCC;10342;220;46685;70;0;0;3;3;1;1;94669419,51
2023;OCC;70719;C;2023-09-25 15:07:12;94546;2021;OCA;65642;220;62375;70;71;0;3;3;1;1;11146595
2025;OCC;27776;C;2025-04-30 15:14:22;32321;2023;OCA;76141;220;46996;21;0;0;3;3;1;1;2240769,94
2025;OCC;22586;C;2025-03-26 16:11:07;32321;2023;OCA;76138;220;40304;21;0;0;3;3;1;1;1331428,24
2024;OCC;69061;C;2025-02-12 20:21:41;32879;2023;OCA;76140;220;64641;50;0;0;3;3;1;1;7816043,04
2024;OCC;69081;C;2025-02-13 11:25:43;32879;2023;OCA;76135;220;59347;20;0;0;3;3;1;1;112479,35
2024;OCC;66590;C;2025-01-17 13:01:59;32321;2021;OCA;65639;220;59941;21;0;0;3;3;1;1;14432615,97
2024;OCC;67361;C;2025-01-24 10:59:21;73551;2023;OCA;76141;220;54481;20;21;0;3;3;1;1;284357,85
2024;OCC;65063;C;2025-01-13 10:55:05;83261;2023;OCA;76141;220;59351;40;0;0;3;3;1;1;315556,23
2024;OCC;67245;C;2025-01-22 15:57:39;26296;2023;OCA;76141;220;64579;50;0;0;3;3;1;1;19010,42
2024;OCC;67371;C;2025-01-24 11:29:18;73551;2023;OCA;76141;220;52682;50;0;0;3;3;1;1;1004269,22
2024;OCC;64867;C;2025-01-10 15:21:20;120202;2021;OCA;65641;220;56474;29;0;0;3;3;1;4;17844799,71
2024;OCC;68851;C;2025-02-07 14:47:55;83261;2021;OCA;65643;220;54481;20;21;0;3;3;1;1;315061
2024;OCC;68853;C;2025-02-07 14:49:41;83261;2021;OCA;65643;220;50323;50;0;513;3;3;1;1;656968,46
2024;OCC;68859;C;2025-02-07 14:54:08;83261;2021;OCA;65643;220;59941;21;0;0;3;3;1;1;19503145,03
2024;OCC;68059;C;2025-01-29 15:59:49;120202;2021;OCA;65641;220;65590;20;28;0;3;3;1;1;67095,6
2024;OCC;67499;C;2025-01-24 17:19:09;32879;2023;OCA;76135;220;54101;40;0;0;3;3;1;1;182142,68
2024;OCC;67597;C;2025-01-27 15:18:26;32321;2021;OCA;65639;220;63863;35;0;0;3;3;1;1;190142056,7
2024;OCC;68978;C;2025-02-10 20:03:45;120202;2021;OCA;65641;220;56474;29;0;0;3;3;1;4;8203969,54
2024;OCC;69082;C;2025-02-13 11:19:53;32879;2023;OCA;76141;220;17000;50;0;0;3;3;3;1;223981,56
2024;OCC;69175;C;2025-02-17 12:44:58;73551;2023;OCA;76135;220;60104;75;0;0;3;3;1;1;464840,91
2024;OCC;66722;C;2025-01-17 16:20:22;311990;2021;OCA;65644;220;61887;24;0;0;3;3;1;1;25509778,67
2024;OCC;66726;C;2025-01-17 16:20:32;311990;2021;OCA;65644;220;50322;24;0;261;3;3;1;1;1308509,97
2024;OCC;69188;C;2025-02-17 15:43:06;120202;2021;OCA;65641;220;53767;21;0;0;3;3;1;4;21334197,7
2024;OCC;67398;C;2025-01-24 12:51:07;32118;2023;OCA;76141;220;57114;29;0;0;3;3;1;1;937840,45
2024;OCC;68504;C;2025-01-31 22:56:42;32118;2021;OCA;65638;220;50318;55;0;0;3;3;1;1;496536,61
2023;OCC;55316;C;2023-07-20 15:07:39;94546;2021;OCA;65642;220;57128;70;0;0;3;3;1;4;108240576,6
2023;OCC;54812;C;2023-07-19 13:06:49;32879;2021;OCC;32595;220;39219;70;71;0;3;3;1;4;3231581
2023;OCC;49341;C;2023-06-27 16:25:43;96905;2023;OCC;44901;220;46685;70;0;0;3;3;1;1;21825801,51
2022;OCC;72514;C;2022-12-02 16:28:46;94546;2021;OCA;65642;220;29693;20;21;0;3;3;1;4;16773,9
2022;OCC;82138;C;2023-01-24 17:13:12;32321;2021;OCA;65639;220;17810;50;0;0;3;3;1;4;201705
2022;OCC;81522;C;2023-01-18 15:48:14;32321;2021;OCA;65639;220;64747;20;22;510;3;3;1;4;65418,21
2022;OCC;72443;C;2022-12-02 14:59:17;26296;2021;OCA;65640;220;65024;40;0;0;3;3;1;4;487266,5
2022;OCC;82139;C;2023-01-24 17:18:44;32321;2021;OCA;65639;220;17810;50;0;0;3;3;1;4;2081161
2022;OCC;72403;C;2022-12-02 14:22:16;120202;2021;OCA;65641;220;4096;21;0;0;3;3;1;4;41934,8
2022;OCC;76300;C;2023-01-24 13:08:21;32879;2021;OCC;32595;220;47512;70;71;0;3;3;1;4;330244,1
2022;OCC;82914;C;2023-01-31 17:28:49;311990;2021;OCA;65644;220;64794;45;0;0;3;3;1;4;75482,55
2022;OCC;84144;C;2023-02-15 10:49:27;311990;2021;OCA;65644;220;26662;70;0;0;3;3;1;4;21300
2022;OCC;84113;C;2023-02-14 16:47:50;120202;2021;OCA;65641;220;4100;21;0;0;3;3;1;4;133884,5
2023;OCC;92892;C;2024-03-07 10:49:03;94546;2021;OCA;65642;220;59926;50;0;0;3;3;1;1;114062,52
2023;OCC;33268;C;2023-04-19 15:39:21;32321;2021;OCA;65639;220;52560;45;0;0;3;3;1;1;20607066,94
2023;OCC;34510;C;2023-04-25 10:38:55;32118;2021;OCA;65638;220;27122;70;0;0;3;3;1;4;11668675,73
2023;OCC;34518;C;2023-04-25 10:51:19;26296;2021;OCA;65640;220;27122;70;0;0;3;3;1;4;803200,71
2023;OCC;34536;C;2023-04-25 11:29:01;94546;2021;OCA;65642;220;29870;20;24;0;3;3;1;4;516143,05
2023;OCC;40924;C;2023-05-19 14:17:09;311990;2021;OCA;65644;220;10522;40;0;0;3;3;1;4;907990,19
2023;OCC;92802;C;2024-03-04 14:43:34;120202;2021;OCA;65641;220;59926;50;0;0;3;3;1;1;19010,42
2023;OCC;84502;C;2023-12-04 13:50:57;32321;2021;OCA;65639;220;59958;26;26;0;3;3;1;1;94695477,97
2024;OCC;50520;C;2024-10-14 15:34:15;120202;2021;OCA;65641;220;57114;29;0;0;3;3;1;1;39130622,66
2025;OCC;30856;C;2025-05-21 10:34:49;120202;2023;OCA;76138;220;50459;29;0;0;3;3;1;1;36485911,78
2025;OCC;32217;C;2025-05-27 20:30:59;311990;2023;OCA;76139;220;44796;60;0;0;3;3;1;1;967680,1
2025;OCC;35600;C;2025-06-18 16:39:00;32879;2023;OCA;76139;220;39993;50;0;0;3;3;1;1;5904986,04
2025;OCC;35621;C;2025-06-18 16:52:23;32879;2023;OCA;76139;220;39993;50;0;0;3;3;1;1;3972876,44
2024;OCC;63215;C;2024-12-26 15:08:05;32321;2021;OCA;65639;220;57114;29;0;0;3;3;1;1;9114046,73
2024;OCC;49079;C;2024-10-03 14:44:08;32321;2021;OCA;65639;220;59357;50;0;0;3;3;1;1;90579,06
2024;OCC;49080;C;2024-10-03 14:44:08;32321;2021;OCA;65639;220;59347;20;0;0;3;3;1;1;136549
2024;OCC;49082;C;2024-10-03 14:41:57;32321;2021;OCA;65639;220;57114;29;0;0;3;3;1;1;9417836,53
2024;OCC;58201;C;2024-12-02 16:34:03;311990;2023;OCA;76140;220;61885;60;0;0;3;3;1;1;6922995,65
2024;OCC;61831;C;2024-12-18 12:19:44;32118;2021;OCA;65638;220;57114;29;0;0;3;3;1;1;4487728,53
2024;OCC;61841;C;2024-12-18 12:19:48;32118;2021;OCA;65638;220;59347;20;0;0;3;3;1;1;161484,51
2024;OCC;49205;C;2024-10-04 13:14:03;32321;2021;OCA;65639;220;55654;50;0;0;3;3;1;1;2554028,88
2024;OCC;49220;C;2024-10-04 13:36:13;311990;2021;OCA;65644;220;62994;20;28;0;3;3;1;1;1916542,99
2024;OCC;64261;C;2025-01-07 12:10:05;120202;2021;OCA;65641;220;62994;20;28;0;3;3;1;1;45074,44
2024;OCC;53028;C;2024-10-25 13:13:36;275932;2021;OCA;65645;220;61885;60;0;0;3;3;1;1;429412,5
2024;OCC;52824;C;2024-10-24 15:11:53;26296;2023;OCA;76139;220;57114;29;0;0;3;3;1;1;1036233,37
2024;OCC;50536;C;2024-10-14 15:34:19;120202;2021;OCA;65641;220;59349;21;0;0;3;3;1;1;140900,76
2024;OCC;55111;C;2024-11-08 16:21:22;32879;2023;OCA;76141;220;64579;50;0;0;3;3;1;1;32162,13
2024;OCC;30791;C;2024-06-05 10:48:04;311990;2023;OCA;76141;220;55655;45;0;0;3;3;1;1;9505,21
2024;OCC;34332;C;2024-07-03 15:40:02;32321;2023;OCA;76134;220;56474;29;0;0;3;3;1;4;10357224,37
2024;OCC;34657;C;2024-07-05 15:59:36;120202;2023;OCA;76137;220;57114;29;0;0;3;3;1;1;26936111,32
2024;OCC;37876;C;2024-07-23 16:21:00;32321;2023;OCA;76141;220;56474;29;0;0;3;3;1;4;20911646,81
2024;OCC;41537;C;2024-08-13 15:21:15;32321;2024;OCC;41524;220;57114;29;0;0;3;3;1;1;79293,25
2024;OCC;42228;C;2024-08-16 11:52:34;120202;2023;OCA;76141;220;60102;20;21;0;3;3;1;1;105642,5
2024;OCC;41007;C;2024-08-09 16:56:50;311990;2023;OCA;76139;220;59357;50;0;0;3;3;1;1;6694822,92
2024;OCC;45160;C;2024-09-06 09:17:35;32848;2019;OCC;29291;220;2360;21;0;0;3;3;1;10;18957733,8
2023;OCC;47595;X;2023-06-22 10:35:27;126937;;;;220;26319;70;0;0;3;3;1;4;4191200
2022;OCC;34314;C;2022-05-13 00:14:20;216656;2019;OCA;43555;220;4749;21;0;0;3;3;5;1;179682,06
2022;OCC;54837;C;2022-08-26 13:42:57;216656;2019;OCA;43555;220;4750;21;0;0;3;3;5;2;2935162,06
2022;OCC;82353;C;2023-01-26 15:07:06;120202;2019;OCB;11597;220;4757;21;0;0;3;3;5;9;2830808,65
2022;OCC;85532;Z;2023-03-02 19:23:45;32321;2022;OCC;85510;220;65023;35;0;0;3;3;5;1;12961021,81
2023;OCC;86149;C;2023-12-07 16:07:08;83261;2023;OCC;81526;220;47218;35;0;0;3;3;5;1;140017,95
2024;OCC;68832;C;2025-02-07 13:44:41;83261;2024;OCB;16992;220;48646;35;0;0;3;3;5;1;43635854,04
2024;OCC;68651;C;2025-02-05 10:53:59;124204;2024;OCB;16992;220;48646;35;0;0;3;3;5;1;12518352,28
2023;OCC;51281;C;2023-07-20 11:34:26;120202;2021;OCB;17609;220;32884;20;30;0;3;3;5;12;14238356,22
2022;OCC;49289;C;2022-07-29 15:33:57;120202;2019;OCB;11597;220;4761;21;0;0;3;3;5;13;732499,54
2021;OCC;73255;C;2022-01-05 15:25:33;120202;2019;OCB;11597;220;3720;21;0;0;3;3;5;9;3432578,7
2022;OCC;78684;C;2023-01-03 15:54:13;120202;2019;OCB;11597;220;4759;21;0;0;3;3;5;11;41827,56
2022;OCC;85408;C;2023-03-01 11:22:19;49584;2022;OCC;85406;220;65023;35;0;0;3;3;5;1;1029211,18
2023;OCC;44993;C;2023-06-15 17:30:11;120202;2021;OCB;17609;220;32883;20;30;0;3;3;5;11;16328071,69
2023;OCC;69989;C;2023-10-03 11:06:18;33343;2023;OCB;3923;220;32338;20;30;0;3;3;5;15;1204189
2023;OCC;75839;C;2023-10-19 16:16:58;83261;2021;OCA;65643;220;59958;26;26;0;3;3;1;1;803268,68
2023;OCC;70088;C;2023-09-22 10:35:13;311990;2021;OCA;65644;220;59921;40;0;0;3;3;1;1;373097,6
2023;OCC;67532;C;2023-09-12 16:57:05;26296;2021;OCA;65640;220;59907;20;27;210;3;3;1;4;251608,5
2023;OCC;75402;C;2023-10-18 15:10:35;32321;2021;OCA;65639;220;59928;50;0;513;3;3;1;1;139290
2023;OCC;66626;C;2023-09-07 15:24:18;120202;2021;OCA;65641;220;59940;70;0;0;3;3;1;4;1226616,8
2023;OCC;72002;C;2023-09-28 16:11:10;83261;2021;OCA;65643;220;59921;40;0;0;3;3;1;1;1396699
2023;OCC;79257;C;2023-11-07 11:10:53;120202;2021;OCA;65641;220;59958;26;26;0;3;3;1;1;2893774,9
2023;OCC;79264;C;2023-11-07 11:18:19;120202;2021;OCA;65641;220;59921;40;0;0;3;3;1;1;4196442,79
2023;OCC;79507;C;2023-11-08 11:06:50;26296;2021;OCA;65640;220;59921;40;0;0;3;3;1;1;4998168,77
2023;OCC;67801;C;2023-09-13 15:53:10;311990;2021;OCA;65644;220;59928;50;0;513;3;3;1;1;1055947,41
2023;OCC;84136;C;2023-12-01 16:18:24;311990;2021;OCA;65644;220;59926;50;0;0;3;3;1;1;1282582,64
2023;OCC;79222;C;2023-11-07 10:25:18;311990;2021;OCA;65644;220;59960;26;26;0;3;3;1;4;47993307,5
2023;OCC;67527;C;2023-09-12 16:40:18;32321;2021;OCA;65639;220;59921;40;0;0;3;3;1;1;841092,82
2024;OCC;56534;C;2024-11-21 12:25:14;94546;2021;OCA;65642;220;57114;29;0;0;3;3;1;1;3651367,8
2023;OCC;58000;C;2023-07-31 16:20:38;120202;2021;OCA;65641;220;59905;20;24;0;3;3;1;4;266449,82
2023;OCC;58020;C;2023-07-31 16:54:04;120202;2021;OCA;65641;220;59940;70;0;0;3;3;1;4;516119,95
2024;OCC;54418;C;2024-11-05 16:39:36;26205;2023;OCA;76134;220;62994;20;28;0;3;3;1;1;1310627,63
2023;OCC;69522;C;2023-09-20 14:35:27;32118;2021;OCA;65638;220;59979;21;0;0;3;3;1;1;47594856,01
2025;OCC;28453;C;2025-05-07 15:17:31;32879;2023;OCA;76138;220;40003;24;0;261;3;3;1;1;2857609,78
2025;OCC;27924;C;2025-05-05 10:56:27;94546;2023;OCA;76138;220;44816;45;0;0;3;3;1;1;115803,81
2025;OCC;22656;C;2025-03-27 10:26:15;120202;2023;OCA;76135;220;44816;45;0;0;3;3;1;1;137082,95
2025;OCC;29484;C;2025-05-13 11:11:30;32118;2023;OCA;76137;220;50449;20;25;0;3;3;1;1;164466,32
2025;OCC;27938;C;2025-05-05 11:22:54;83261;2023;OCA;76140;220;44816;45;0;0;3;3;1;1;1459821,67
2024;OCC;68946;C;2025-02-13 15:53:34;26205;2023;OCA;76135;220;64579;50;0;0;3;3;1;1;196465,55
2025;OCC;27616;C;2025-04-29 17:14:40;311990;2023;OCA;76135;220;44796;60;0;0;3;3;1;1;733175,41
2024;OCC;67445;C;2025-01-24 15:27:28;32879;2023;OCA;76141;220;62492;24;0;261;3;3;1;3;2230241,3
2024;OCC;66587;C;2025-01-17 13:01:57;32321;2021;OCA;65639;220;59351;40;0;0;3;3;1;1;109960,21
2024;OCC;67357;C;2025-01-24 10:52:50;73551;2023;OCA;76141;220;59347;20;0;0;3;3;1;1;531544,39
2024;OCC;64868;C;2025-01-10 15:21:21;32321;2021;OCA;65639;220;56474;29;0;0;3;3;1;4;8063682,87
2024;OCC;68054;C;2025-01-29 15:57:13;120202;2021;OCA;65641;220;59355;31;0;0;3;3;1;1;170504,9
2024;OCC;67486;C;2025-01-24 16:46:48;32879;2023;OCA;76139;220;64579;50;0;0;3;3;1;1;1428420,51
2024;OCC;67492;C;2025-01-24 17:02:08;32879;2023;OCA;76141;220;54191;20;21;0;3;3;1;4;477648,35
2024;OCC;67595;C;2025-01-27 15:18:25;32321;2021;OCA;65639;220;59941;21;0;0;3;3;1;1;259980608,9
2024;OCC;69157;C;2025-02-14 15:37:01;73551;2023;OCA;76134;220;68143;29;0;0;3;3;1;1;1229667,23
2024;OCC;64472;C;2025-01-08 16:48:30;311990;2021;OCA;65644;220;64579;50;0;0;3;3;1;1;38020,84
2024;OCC;66720;C;2025-01-17 16:20:15;311990;2021;OCA;65644;220;67950;75;0;0;3;3;1;1;15795177,62
2024;OCC;66721;C;2025-01-17 16:20:19;311990;2021;OCA;65644;220;59357;50;0;0;3;3;1;1;6313480,56
2024;OCC;68483;C;2025-01-31 19:27:15;94546;2021;OCA;65642;220;54101;40;0;0;3;3;1;1;201286,8
2024;OCC;67295;C;2025-01-23 14:08:50;73551;2023;OCA;76141;220;61885;60;0;0;3;3;1;1;9684
2021;OCC;38566;C;2021-07-13 13:44:42;32848;2019;OCC;29291;220;30453;20;21;0;3;3;1;14;130874,5
2021;OCC;75730;C;2022-01-28 15:17:40;83261;2019;OCC;29304;220;30461;20;21;0;3;3;1;7;3118063,68
2023;OCC;50831;C;2023-07-04 17:28:49;32118;2021;OCA;65638;220;27122;70;0;0;3;3;1;4;908055,62
2021;OCC;75691;X;2022-01-28 15:14:11;83261;2019;OCC;29304;220;30461;20;21;0;3;3;1;7;3118063,68
2022;OCC;82136;C;2023-01-24 17:11:38;32321;2021;OCA;65639;220;17810;50;0;0;3;3;1;4;188864
2022;OCC;76170;C;2022-12-26 11:58:00;83261;2021;OCC;32596;220;47514;70;71;0;3;3;1;3;2269374
2022;OCC;84066;C;2023-02-14 15:39:56;76848;2021;OCA;65645;220;65024;40;0;0;3;3;1;4;34419
2022;OCC;84702;C;2023-02-24 15:22:33;76848;2021;OCA;65645;220;4096;21;0;0;3;3;1;4;96450,04
2022;OCC;84098;C;2023-02-14 16:28:15;120202;2021;OCA;65641;220;40159;70;0;0;3;3;1;4;471643,73
2022;OCC;83000;C;2023-02-01 16:07:02;311990;2021;OCA;65644;220;66653;50;0;513;3;3;1;4;21761291,56
2023;OCC;38159;C;2023-05-10 14:44:03;94546;2021;OCA;65642;220;10522;40;0;0;3;3;1;4;11607626,75
2023;OCC;92775;C;2024-03-01 09:14:41;32321;2021;OCA;65639;220;62685;45;0;0;3;3;1;1;32333
2023;OCC;34501;C;2023-04-25 10:26:26;311990;2021;OCA;65644;220;29870;20;24;0;3;3;1;4;440477,31
2023;OCC;46326;C;2023-06-14 12:26:04;311990;2021;OCA;65644;220;5833;26;0;0;3;3;1;4;2684263,38
2023;OCC;93034;C;2024-03-20 10:13:10;73551;2022;OCA;78336;220;59926;50;0;0;3;3;1;1;6131758,89
2023;OCC;93035;C;2024-03-20 10:13:11;73551;2022;OCA;78336;220;66850;70;0;0;3;3;1;1;4551145,56
2023;OCC;92918;C;2024-03-08 13:55:33;32118;2021;OCA;65638;220;59926;50;0;0;3;3;1;1;2090522,81
2023;OCC;93014;C;2024-03-18 12:35:00;32879;2023;OCA;28334;220;59921;40;0;0;3;3;1;1;678485,43
2023;OCC;92889;C;2024-03-07 10:49:04;94546;2021;OCA;65642;220;59921;40;0;0;3;3;1;1;2257699,04
2023;OCC;93046;C;2024-03-20 12:09:24;26296;2021;OCA;65640;220;59958;26;26;0;3;3;1;1;1115506
2024;OCC;50525;C;2024-10-14 15:34:17;120202;2021;OCA;65641;220;62994;20;28;0;3;3;1;1;179225,4
2024;OCC;54837;C;2024-11-07 16:11:24;32321;2023;OCA;76141;220;59349;21;0;0;3;3;1;1;3123343,9
2025;OCC;32179;C;2025-05-27 16:34:15;32321;2023;OCA;76141;220;40304;21;0;0;3;3;1;1;5011342,94
2025;OCC;35608;C;2025-06-18 16:39:10;32879;2023;OCA;76140;220;52454;21;0;0;3;3;1;1;1525293
2025;OCC;35620;C;2025-06-18 16:52:21;32879;2023;OCA;76137;220;44796;60;0;0;3;3;1;1;8099247,47
2023;OCC;86168;C;2023-12-07 17:27:15;32321;2021;OCA;65639;220;66850;70;0;0;3;3;1;1;159347381,4
2024;OCC;59638;C;2024-12-09 11:12:00;32321;2023;OCA;76141;220;63863;35;0;0;3;3;1;1;1244231,92
2024;OCC;58202;C;2024-12-02 16:34:05;311990;2023;OCA;76141;220;57114;29;0;0;3;3;1;1;624418,27
2024;OCC;61839;C;2024-12-18 12:19:46;32118;2021;OCA;65638;220;50318;55;0;0;3;3;1;1;319819,25
2024;OCC;51709;C;2024-10-18 16:20:12;311990;2021;OCA;65644;220;57114;29;0;0;3;3;1;1;751283,25
2024;OCC;49206;C;2024-10-04 13:14:09;32321;2021;OCA;65639;220;61885;60;0;0;3;3;1;1;14633579,21
2024;OCC;49216;C;2024-10-04 13:36:04;311990;2021;OCA;65644;220;61887;24;0;0;3;3;1;1;2965173,92
2024;OCC;55096;C;2024-11-08 16:11:41;32879;2023;OCA;76141;220;59941;21;0;0;3;3;1;1;553222,89
2024;OCC;55897;C;2024-11-15 12:01:19;73551;2023;OCA;76141;220;61885;60;0;0;3;3;1;1;4842
2024;OCC;54929;C;2024-11-08 12:14:39;32118;2021;OCA;65638;220;59347;20;0;0;3;3;1;1;58247,35
2024;OCC;35450;C;2024-07-11 15:43:53;94546;2023;OCA;76140;220;57114;29;0;0;3;3;1;1;627406,51
2024;OCC;37905;C;2024-07-23 16:49:01;275932;2023;OCA;76141;220;56474;29;0;0;3;3;1;4;272323
2024;OCC;41539;C;2024-08-13 15:23:13;32321;2024;OCC;41535;220;59941;21;0;0;3;3;1;1;72030225,23
2024;OCC;47377;C;2024-09-20 15:20:21;120202;2021;OCA;65641;220;60104;75;0;0;3;3;1;1;1041032
2024;OCC;42226;C;2024-08-16 11:51:11;120202;2023;OCA;76141;220;59941;21;0;0;3;3;1;1;5561279,76
2024;OCC;37335;C;2024-07-19 16:42:25;94546;2023;OCA;76140;220;57114;29;0;0;3;3;1;1;992889,93
2022;OCC;85510;Z;2023-03-02 19:20:58;32321;2022;OCC;82801;220;65023;35;0;0;3;3;5;1;12931647,73
2022;OCC;85519;Z;2023-03-02 19:28:13;83261;2022;OCC;85516;220;65023;35;0;0;3;3;5;1;621363,88
2021;OCC;72984;C;2022-01-04 12:15:17;216656;2019;OCA;43555;220;3713;21;0;0;3;3;5;2;2109565,09
2021;OCC;73255;C;2022-01-05 15:25:33;120202;2019;OCB;11597;220;3718;21;0;0;3;3;5;7;1115797,85
2022;OCC;59681;C;2022-09-21 14:23:34;216656;2019;OCA;43555;220;4751;21;0;0;3;3;5;3;795431,62
2022;OCC;82419;C;2023-01-27 06:52:29;216656;2019;OCA;43555;220;4751;21;0;0;3;3;5;3;620652,94
2022;OCC;78684;C;2023-01-03 15:54:13;120202;2019;OCB;11597;220;4757;21;0;0;3;3;5;9;2518391,07
2023;OCC;92672;C;2024-02-27 15:32:02;49584;2023;OCC;85901;220;47218;35;0;0;3;3;5;1;1431387,85
2025;OCC;20259;C;2025-03-11 12:19:27;32321;2025;OCC;19782;220;43888;35;0;0;3;3;5;1;18351932,94
2023;OCC;67724;C;2023-09-13 14:16:32;32321;2021;OCA;65639;220;59979;21;0;0;3;3;1;1;63388960,94
2023;OCC;70095;C;2023-09-22 10:48:21;311990;2021;OCA;65644;220;59928;50;0;513;3;3;1;1;568889,31
2023;OCC;79381;C;2023-11-07 15:07:07;120202;2021;OCA;65641;220;59960;26;26;0;3;3;1;4;110515214,5
2023;OCC;67154;C;2023-09-11 15:28:23;311990;2021;OCA;65644;220;59917;28;0;0;3;3;1;4;373805
2023;OCC;67144;C;2023-09-11 15:18:47;311990;2021;OCA;65644;220;59928;50;0;513;3;3;1;1;321252,84
2025;OCC;28451;C;2025-05-07 15:17:29;32879;2023;OCA;76139;220;49802;20;28;0;3;3;1;1;4314653,02
2025;OCC;22531;C;2025-03-26 15:17:15;311990;2021;OCA;65644;220;44794;50;0;513;3;3;1;1;324425
2025;OCC;22664;C;2025-03-27 10:42:00;83261;2023;OCA;76135;220;44816;45;0;0;3;3;1;1;1239695,99
2025;OCC;27620;C;2025-04-29 17:35:19;311990;2023;OCA;76138;220;44816;45;0;0;3;3;1;1;190590,52
2025;OCC;22657;C;2025-03-27 10:26:17;120202;2023;OCA;76137;220;44816;45;0;0;3;3;1;1;1081160,54
2025;OCC;29481;C;2025-05-13 11:11:28;32118;2023;OCA;76139;220;49802;20;28;0;3;3;1;1;137483,09
2025;OCC;24050;C;2025-04-08 12:34:53;32879;2023;OCA;76137;220;44816;45;0;0;3;3;1;1;597154,36
2025;OCC;27615;C;2025-04-29 17:14:38;311990;2023;OCA;76138;220;39993;50;0;0;3;3;1;1;92256,45
2024;OCC;69078;C;2025-02-13 11:25:35;32879;2023;OCA;76135;220;62492;24;0;261;3;3;1;3;24251652,81
2024;OCC;69087;C;2025-02-13 12:31:51;26205;2023;OCA;76134;220;54101;40;0;0;3;3;1;1;600672
2024;OCC;68905;C;2025-02-10 10:19:06;311990;2021;OCA;65644;220;61885;60;0;0;3;3;1;1;265176,86
2024;OCC;68922;C;2025-02-10 12:35:59;94546;2021;OCA;65642;220;59355;31;0;0;3;3;1;1;355806,88
2024;OCC;69044;C;2025-02-12 16:17:29;32321;2021;OCA;65639;220;59349;21;0;0;3;3;1;1;619896,77
2024;OCC;67348;C;2025-01-24 10:40:53;73551;2023;OCA;76141;220;50318;55;0;0;3;3;1;1;334382,86
2024;OCC;68044;C;2025-01-29 15:49:35;120202;2021;OCA;65641;220;59941;21;0;0;3;3;1;1;45403477,25
2024;OCC;67423;C;2025-01-24 14:45:17;32879;2023;OCA;76139;220;64641;50;0;0;3;3;1;1;5868429,08
2024;OCC;64474;C;2025-01-08 16:48:31;311990;2021;OCA;65644;220;50317;50;0;0;3;3;1;1;268382,4
2024;OCC;68481;C;2025-01-31 19:27:08;94546;2021;OCA;65642;220;59941;21;0;0;3;3;1;1;418120,27
2024;OCC;69184;C;2025-02-17 15:39:14;120202;2021;OCA;65641;220;54481;20;21;0;3;3;1;1;55719,05
2024;OCC;66872;C;2025-01-20 14:49:20;311990;2023;OCA;76141;220;62141;9;0;0;3;3;1;1;439479,57
2024;OCC;66877;C;2025-01-20 14:52:59;311990;2023;OCA;76141;220;59357;50;0;0;3;3;1;1;8386,95
2024;OCC;69051;C;2025-02-12 16:34:13;32118;2023;OCA;76141;220;59355;31;0;0;3;3;1;1;287485,73
2022;OCC;67485;C;2022-11-03 15:56:18;311990;2021;OCA;65644;220;63582;50;0;0;3;3;1;4;50321,7
2023;OCC;46488;C;2023-06-15 12:37:48;311990;2021;OCA;65644;220;5833;26;0;0;3;3;1;4;7385420,31
2023;OCC;46515;C;2023-06-15 13:09:29;120202;2021;OCA;65641;220;57310;26;0;0;3;3;1;1;965472
2021;OCC;72587;C;2021-12-30 15:29:44;83261;2019;OCC;29304;220;30461;20;21;0;3;3;1;7;2627257,36
2022;OCC;66964;C;2022-11-01 21:29:58;311990;2021;OCA;65644;220;63581;26;26;0;3;3;1;4;14351283,1
2022;OCC;72517;C;2022-12-02 16:40:12;94546;2021;OCA;65642;220;17806;50;0;0;3;3;1;4;176125,98
2022;OCC;72234;C;2022-12-01 15:12:05;311990;2021;OCA;65644;220;28980;20;27;210;3;3;1;4;310922
2022;OCC;82350;C;2023-01-26 15:04:03;26296;2021;OCA;65640;220;17806;50;0;0;3;3;1;4;19010,42
2022;OCC;72254;C;2022-12-01 15:34:50;311990;2021;OCA;65644;220;63582;50;0;0;3;3;1;4;303698,94
2022;OCC;84120;C;2023-02-14 17:05:09;120202;2021;OCA;65641;220;64794;45;0;0;3;3;1;4;712890,83
2022;OCC;83007;C;2023-02-01 16:37:15;311990;2021;OCA;65644;220;17806;50;0;0;3;3;1;4;25160,85
2023;OCC;43627;Z;2023-06-01 15:11:04;96905;2013;OCC;30273;220;46685;70;0;0;3;3;1;1;9541492,69
2023;OCC;45693;C;2023-06-12 14:39:38;83261;2021;OCA;65643;220;5833;26;0;0;3;3;1;4;2208082,45
2023;OCC;92890;C;2024-03-07 10:49:03;94546;2021;OCA;65642;220;59958;26;26;0;3;3;1;1;132662,61
2023;OCC;93010;C;2024-03-18 11:40:14;32879;2023;OCA;28334;220;62724;20;30;0;3;3;1;1;277171,79
2023;OCC;92972;C;2024-03-13 16:13:02;120202;2021;OCA;65641;220;66850;70;0;0;3;3;1;1;1346094,83
2023;OCC;92893;C;2024-03-07 10:49:03;94546;2021;OCA;65642;220;66850;70;0;0;3;3;1;1;56036704,81
2024;OCC;50524;C;2024-10-14 15:34:16;120202;2021;OCA;65641;220;60102;20;21;0;3;3;1;1;605517,13
2025;OCC;35603;C;2025-06-18 16:39:06;32879;2023;OCA;76137;220;41571;55;0;0;3;3;1;1;244215,18
2025;OCC;30261;C;2025-05-16 14:52:23;73551;2023;OCA;76141;220;49802;20;28;0;3;3;1;1;1316694,51
2025;OCC;36148;C;2025-06-23 16:53:23;311990;2021;OCA;65644;220;50459;29;0;0;3;3;1;1;35654020,05
2023;OCC;80605;C;2023-11-15 14:15:39;311990;2021;OCA;65644;220;59936;70;0;0;3;3;1;4;774713,67
2024;OCC;61625;C;2024-12-17 14:58:21;94546;2021;OCA;65642;220;54481;20;21;0;3;3;1;1;1045231,62
2024;OCC;61627;C;2024-12-17 15:00:07;94546;2021;OCA;65642;220;57114;29;0;0;3;3;1;1;5876525,16
2024;OCC;53040;C;2024-10-25 12:50:11;275932;2021;OCA;65645;220;59355;31;0;0;3;3;1;1;188706,6
2024;OCC;49075;C;2024-10-03 14:44:08;32321;2021;OCA;65639;220;59349;21;0;0;3;3;1;1;54815914,3
2024;OCC;52855;C;2024-10-24 15:36:34;311990;2021;OCA;65644;220;59353;45;0;0;3;3;1;1;855468,9
2024;OCC;53001;C;2024-10-25 11:50:10;94546;2023;OCA;76141;220;54101;40;0;0;3;3;1;1;221415,48
2024;OCC;64442;C;2025-01-08 15:17:10;311990;2021;OCA;65644;220;60897;50;0;513;3;3;1;1;57031,26
2024;OCC;64443;C;2025-01-08 15:17:11;311990;2021;OCA;65644;220;62994;20;28;0;3;3;1;1;264446,95
2024;OCC;52813;C;2024-10-24 14:59:53;311990;2021;OCA;65644;220;61885;60;0;0;3;3;1;1;1348122,82
2024;OCC;51710;C;2024-10-18 16:20:13;311990;2021;OCA;65644;220;62427;60;0;602;3;3;1;1;307768
2024;OCC;49211;C;2024-10-04 13:35:52;311990;2021;OCA;65644;220;59349;21;0;0;3;3;1;1;48829
2024;OCC;49214;C;2024-10-04 13:35:58;311990;2021;OCA;65644;220;59357;50;0;0;3;3;1;1;408272,51
2024;OCC;49215;C;2024-10-04 13:36:01;311990;2021;OCA;65644;220;61885;60;0;0;3;3;1;1;3030352,35
2024;OCC;58584;C;2024-12-04 11:35:58;120202;2023;OCA;76141;220;60104;75;0;0;3;3;1;1;312898,55
2024;OCC;55117;C;2024-11-08 16:23:27;32879;2023;OCA;76141;220;64360;40;0;0;3;3;1;1;415500,03
2024;OCC;54922;C;2024-11-08 12:14:22;32118;2021;OCA;65638;220;62994;20;28;0;3;3;1;1;88890,7
2024;OCC;34349;C;2024-07-03 17:39:49;311990;2024;OCC;30791;220;56474;29;0;0;3;3;1;4;26095151,57
2024;OCC;46736;C;2024-09-18 14:59:22;94546;2021;OCA;65642;220;59941;21;0;0;3;3;1;1;2338110,28
2024;OCC;47381;C;2024-09-20 15:22:20;120202;2021;OCA;65641;220;59941;21;0;0;3;3;1;1;2487436
2024;OCC;47388;C;2024-09-20 15:25:52;120202;2021;OCA;65641;220;60102;20;21;0;3;3;1;1;4157934,95
2024;OCC;45179;C;2024-09-06 11:01:20;32118;2023;OCA;76141;220;59351;40;0;0;3;3;1;1;359553,55
2024;OCC;42223;C;2024-08-16 11:48:08;120202;2023;OCA;76140;220;60102;20;21;0;3;3;1;1;238577,66
2024;OCC;41183;C;2024-08-12 14:42:23;26296;2024;OCC;34689;220;59347;20;0;0;3;3;1;1;675681,28
2022;OCC;82353;C;2023-01-26 15:07:06;120202;2019;OCB;11597;220;4761;21;0;0;3;3;5;13;2578626,95
2022;OCC;85516;Z;2023-03-02 19:26:25;83261;2022;OCC;85501;220;65023;35;0;0;3;3;5;1;625764,17
2022;OCC;84311;C;2023-02-16 16:00:38;49584;2022;OCC;84310;220;65023;35;0;0;3;3;5;1;2076918,74
2022;OCC;85535;Z;2023-03-02 19:14:25;83261;2022;OCC;85501;220;65023;35;0;0;3;3;5;1;526178,08
2022;OCC;84312;C;2023-02-16 16:28:29;120202;2021;OCA;65641;220;48338;40;0;0;3;3;5;4;26843090,94
2022;OCC;84094;C;2023-02-14 16:26:19;120202;2021;OCA;65641;220;48338;40;0;0;3;3;5;4;2766391,5
2024;OCC;68808;C;2025-02-07 12:01:54;124204;2024;OCC;68651;220;48646;35;0;0;3;3;5;1;2233461,83
2021;OCC;72984;C;2022-01-04 12:15:17;216656;2019;OCA;43555;220;3712;21;0;0;3;3;5;1;121559,04
2022;OCC;59681;C;2022-09-21 14:23:34;216656;2019;OCA;43555;220;4750;21;0;0;3;3;5;2;1022010,61
2022;OCC;77187;C;2022-12-28 14:55:33;216656;2019;OCA;43555;220;4762;21;0;0;3;3;5;14;35670,88
2022;OCC;78684;C;2023-01-03 15:54:13;120202;2019;OCB;11597;220;4760;21;0;0;3;3;5;12;396819,69
2023;OCC;86370;C;2023-12-12 13:37:53;32321;2023;OCC;86100;220;47218;35;0;0;3;3;5;1;56001,95
2023;OCC;86366;C;2023-12-12 13:05:04;83261;2023;OCC;86149;220;47218;35;0;0;3;3;5;1;2656687,15
2023;OCC;86422;C;2023-12-12 16:25:56;32321;2023;OCC;86370;220;47218;35;0;0;3;3;5;1;104013,74
2023;OCC;24446;C;2023-03-06 11:53:01;32321;2022;OCC;85532;220;47218;35;0;0;3;3;5;1;25892561,54
2023;OCC;68881;C;2023-09-19 10:45:07;311990;2021;OCA;65644;220;59928;50;0;513;3;3;1;1;2197888,3
2023;OCC;67655;C;2023-09-13 12:40:21;275932;2021;OCA;65645;220;59921;40;0;0;3;3;1;1;270233,96
2023;OCC;66331;C;2023-09-06 15:59:46;83261;2021;OCA;65643;220;59928;50;0;513;3;3;1;1;24346,3
2023;OCC;71989;C;2023-09-28 16:02:35;83261;2021;OCA;65643;220;59928;50;0;513;3;3;1;1;63583,49
2023;OCC;79267;C;2023-11-07 11:29:50;120202;2021;OCA;65641;220;59934;70;0;0;3;3;1;1;4464113,53
2023;OCC;67449;C;2023-09-12 15:24:21;26296;2021;OCA;65640;220;59979;21;0;0;3;3;1;1;50760
2023;OCC;67493;C;2023-09-12 15:56:36;26296;2021;OCA;65640;220;59921;40;0;0;3;3;1;1;245068
2023;OCC;67515;C;2023-09-12 16:17:30;32321;2021;OCA;65639;220;62722;20;24;0;3;3;1;1;24248811,43
2025;OCC;28454;C;2025-05-07 15:17:32;32879;2023;OCA;76135;220;39993;50;0;0;3;3;1;1;549560,69
2025;OCC;27765;C;2025-04-30 15:04:27;32321;2023;OCA;76137;220;39993;50;0;0;3;3;1;1;1884867
2025;OCC;24051;C;2025-04-08 12:34:55;32879;2023;OCA;76141;220;39999;9;0;0;3;3;1;1;300397,77
2025;OCC;22598;C;2025-03-26 16:43:03;311990;2021;OCA;65644;220;44792;50;0;0;3;3;1;4;21688177,63
2025;OCC;27939;C;2025-05-05 11:22:56;83261;2023;OCA;76141;220;49832;50;0;513;3;3;1;1;39327,92
2024;OCC;69064;C;2025-02-12 20:30:06;32879;2023;OCA;76135;220;59351;40;0;0;3;3;1;1;2459247,63
2024;OCC;69065;C;2025-02-12 20:31:30;32879;2023;OCA;76141;220;61885;60;0;0;3;3;1;1;269598,78
2024;OCC;67430;C;2025-01-24 15:02:50;94546;2023;OCA;76141;220;56474;29;0;0;3;3;1;4;3244858,37
2024;OCC;69086;C;2025-02-13 12:31:49;26205;2023;OCA;76134;220;53909;21;0;0;3;3;1;1;64980,49
2024;OCC;67482;C;2025-01-24 16:36:41;32879;2023;OCA;76141;220;53767;21;0;0;3;3;1;4;980482,83
2024;OCC;66601;C;2025-01-17 13:01:59;32321;2021;OCA;65639;220;59355;31;0;0;3;3;1;1;101390
2024;OCC;67239;C;2025-01-22 15:36:07;26296;2023;OCA;76141;220;59347;20;0;0;3;3;1;1;998658,79
2024;OCC;68847;C;2025-02-07 14:46:00;83261;2021;OCA;65643;220;54481;20;21;0;3;3;1;1;1803431,69
2024;OCC;69055;C;2025-02-12 16:54:41;32879;2023;OCA;76140;220;62141;9;0;0;3;3;1;1;3409701,55
2024;OCC;68062;C;2025-01-29 16:01:40;120202;2021;OCA;65641;220;59941;21;0;0;3;3;1;1;97080978,83
2024;OCC;68982;C;2025-02-10 20:03:57;32118;2021;OCA;65638;220;56474;29;0;0;3;3;1;4;1951181,95
2024;OCC;69153;C;2025-02-14 15:34:40;73551;2023;OCA;76134;220;59357;50;0;0;3;3;1;1;146952,83
2024;OCC;69186;C;2025-02-17 15:41:25;120202;2021;OCA;65641;220;62427;60;0;602;3;3;1;1;513141,05
2024;OCC;69190;C;2025-02-17 15:44:48;120202;2021;OCA;65641;220;59355;31;0;0;3;3;1;1;1036773,16
2024;OCC;66570;C;2025-01-17 11:47:42;275932;2023;OCA;76140;220;56474;29;0;0;3;3;1;4;711166,07
2024;OCC;66585;C;2025-01-17 12:23:40;83261;2023;OCA;76141;220;56474;29;0;0;3;3;1;4;1393295,8
2024;OCC;66609;C;2025-01-17 13:01:56;94546;2023;OCA;76134;220;56474;29;0;0;3;3;1;4;825132,33
2023;OCC;60163;C;2023-08-08 14:47:12;96905;2011;OCC;10342;220;46685;70;0;0;3;3;1;1;94075418,24
2021;OCC;75741;C;2022-01-28 15:37:07;32321;2019;OCB;5978;220;28615;70;0;0;3;3;1;8;561976,12
2023;OCC;46623;C;2023-06-15 15:23:47;32321;2021;OCA;65639;220;5833;26;0;0;3;3;1;4;814018,86
2023;OCC;55622;C;2023-07-21 13:03:14;32879;2021;OCC;32595;220;39219;70;71;0;3;3;1;4;1097520
2023;OCC;50833;C;2023-07-04 17:41:16;26296;2021;OCA;65640;220;27122;70;0;0;3;3;1;4;32606
2022;OCC;66233;X;2022-10-28 15:21:57;311990;;;;220;63581;26;26;0;3;3;1;4;14351283,1
2022;OCC;82140;Z;2023-01-26 14:34:17;32885;2021;OCC;32594;220;47510;70;71;0;3;3;1;9;5761665,06
2022;OCC;82135;C;2023-01-24 17:09:20;311990;2021;OCA;65644;220;63582;50;0;0;3;3;1;4;8386,95
2022;OCC;81487;C;2023-01-18 14:59:29;32321;2021;OCA;65639;220;17806;50;0;0;3;3;1;4;4193,48
2022;OCC;81501;C;2023-01-18 15:15:02;32321;2021;OCA;65639;220;17810;50;0;0;3;3;1;4;343770,64
2022;OCC;72368;C;2022-12-02 12:53:04;120202;2021;OCA;65641;220;27127;70;0;0;3;3;1;4;559635,8
2022;OCC;76261;C;2023-01-24 12:45:08;32848;2021;OCC;32593;220;47504;70;71;0;3;3;1;10;4614348
2022;OCC;76202;C;2023-01-24 12:44:58;32848;2021;OCC;32593;220;47508;70;71;0;3;3;1;14;8557007,34
2022;OCC;82069;C;2023-01-24 13:08:24;32879;2021;OCC;32595;220;47512;70;71;0;3;3;1;4;916027
2022;OCC;76325;Z;2023-01-24 17:19:54;32879;2021;OCC;32595;220;47510;70;71;0;3;3;1;9;5761665,66
2022;OCC;76133;C;2022-12-26 11:27:14;32885;2021;OCC;32594;220;47510;70;71;0;3;3;1;9;5881106,29
2022;OCC;76150;C;2022-12-26 11:39:27;32885;2021;OCC;32594;220;47510;70;71;0;3;3;1;9;4211750
2022;OCC;76269;C;2023-01-24 12:45:11;32848;2021;OCC;32593;220;47504;70;71;0;3;3;1;10;1068036,85
2022;OCC;82994;C;2023-02-01 15:38:29;311990;2021;OCA;65644;220;7592;28;0;0;3;3;1;4;76041,68
2022;OCC;84344;C;2023-02-17 17:21:26;32321;2021;OCA;65639;220;4096;21;0;0;3;3;1;4;48036
2022;OCC;82915;C;2023-01-31 17:30:03;311990;2021;OCA;65644;220;17806;50;0;0;3;3;1;4;19010,42
2022;OCC;84341;C;2023-02-17 16:59:49;311990;2021;OCA;65644;220;4096;21;0;0;3;3;1;4;9155872,48
2022;OCC;84343;C;2023-02-17 17:13:57;311990;2021;OCA;65644;220;63580;20;22;510;3;3;1;1;500882
2022;OCC;82913;C;2023-01-31 17:20:35;311990;2021;OCA;65644;220;63582;50;0;0;3;3;1;4;76041,68
2022;OCC;83004;C;2023-02-01 16:25:53;311990;2021;OCA;65644;220;66653;50;0;513;3;3;1;4;19772,45
2022;OCC;82777;C;2023-01-31 11:52:42;32879;2021;OCC;32595;220;47512;70;71;0;3;3;1;4;876800
2022;OCC;85482;C;2023-03-01 15:28:09;83261;2021;OCA;65643;220;27127;70;0;0;3;3;1;4;50321,7
2023;OCC;38223;C;2023-05-10 16:09:44;32118;2021;OCA;65638;220;10522;40;0;0;3;3;1;4;825614,74
2023;OCC;38089;C;2023-05-10 12:52:43;275932;2021;OCA;65645;220;29870;20;24;0;3;3;1;4;41934,75
2023;OCC;33118;C;2023-04-19 12:31:16;32321;2021;OCA;65639;220;52560;45;0;0;3;3;1;1;53382825,53
2023;OCC;45148;C;2023-06-08 16:39:04;311990;2021;OCA;65644;220;5833;26;0;0;3;3;1;4;3094168,97
2023;OCC;34532;C;2023-04-25 11:16:22;120202;2021;OCA;65641;220;27292;70;0;0;3;3;1;4;20534778,21
2023;OCC;39190;C;2023-05-15 13:41:01;96905;2011;OCC;10342;220;46685;70;0;0;3;3;1;1;13840969,27
2023;OCC;45308;C;2023-06-09 13:39:12;311990;2021;OCA;65644;220;5833;26;0;0;3;3;1;4;441713,33
2023;OCC;93058;C;2024-03-20 14:37:50;83261;2021;OCA;65643;220;62724;20;30;0;3;3;1;1;219853,15
2023;OCC;92970;C;2024-03-13 15:49:12;311990;2021;OCA;65644;220;66850;70;0;0;3;3;1;1;902097
2023;OCC;92973;C;2024-03-13 16:13:04;120202;2021;OCA;65641;220;59958;26;26;0;3;3;1;1;23780895,34
2023;OCC;92819;C;2024-03-04 16:00:11;311990;2021;OCA;65644;220;66850;70;0;0;3;3;1;1;25304547,86
2024;OCC;67439;C;2025-01-24 15:21:28;32879;2023;OCA;76140;220;54481;20;21;0;3;3;1;1;4655068,8
2025;OCC;34037;C;2025-06-10 11:47:29;73551;2022;OCA;78336;220;39993;50;0;0;3;3;1;1;663127,38
2025;OCC;32181;C;2025-05-27 16:34:17;32321;2023;OCA;76134;220;46996;21;0;0;3;3;1;1;4145496,06
2023;OCC;86119;C;2023-12-07 14:20:01;311990;2021;OCA;65644;220;66850;70;0;0;3;3;1;1;87398688,04
2024;OCC;49072;C;2024-10-03 14:44:08;32321;2021;OCA;65639;220;59353;45;0;0;3;3;1;1;5448246,17
2024;OCC;49078;C;2024-10-03 14:44:08;32321;2021;OCA;65639;220;54101;40;0;0;3;3;1;1;221415,48
2024;OCC;59649;C;2024-12-09 11:57:05;275932;2023;OCA;76141;220;57114;29;0;0;3;3;1;1;2053574,44
2024;OCC;62101;C;2024-12-19 10:40:54;311990;2023;OCA;76141;220;57114;29;0;0;3;3;1;1;6289591,41
2024;OCC;53024;C;2024-10-25 12:24:36;94546;2023;OCA;76141;220;62994;20;28;0;3;3;1;1;320392,49
2024;OCC;52821;C;2024-10-24 15:08:40;311990;2021;OCA;65644;220;61885;60;0;0;3;3;1;1;58343
2024;OCC;52820;C;2024-10-24 15:11:49;26296;2023;OCA;76139;220;54101;40;0;0;3;3;1;1;221415,48
2024;OCC;52999;C;2024-10-25 11:41:53;275932;2021;OCA;65645;220;57114;29;0;0;3;3;1;1;1536964,37
2024;OCC;49218;C;2024-10-04 13:36:07;311990;2021;OCA;65644;220;59941;21;0;0;3;3;1;1;2617292,64
2024;OCC;64237;C;2025-01-07 11:29:25;275932;2021;OCA;65645;220;59355;31;0;0;3;3;1;1;175264,97
2024;OCC;62271;C;2024-12-19 15:42:43;83261;2023;OCA;76141;220;57114;29;0;0;3;3;1;1;735288,02
2024;OCC;58580;C;2024-12-04 11:26:28;120202;2023;OCA;76141;220;59941;21;0;0;3;3;1;1;840908
2024;OCC;58582;C;2024-12-04 11:28:34;120202;2023;OCA;76141;220;59355;31;0;0;3;3;1;1;819470,21
2024;OCC;55092;C;2024-11-08 16:09:26;32879;2023;OCA;76141;220;61885;60;0;0;3;3;1;1;3099203,32
2024;OCC;54461;C;2024-11-06 11:58:39;120202;2021;OCA;65641;220;57114;29;0;0;3;3;1;1;223615
2024;OCC;54916;C;2024-11-08 12:14:20;32118;2021;OCA;65638;220;54101;40;0;0;3;3;1;1;885661,92
2024;OCC;54928;C;2024-11-08 12:14:38;32118;2021;OCA;65638;220;59351;40;0;0;3;3;1;1;50321,7
2024;OCC;35438;C;2024-07-11 15:25:26;32118;2023;OCA;76139;220;57114;29;0;0;3;3;1;1;2690215,32
2024;OCC;46818;C;2024-09-18 16:14:10;32321;2021;OCA;65639;220;59941;21;0;0;3;3;1;1;368926,85
2024;OCC;45184;C;2024-09-06 11:42:11;32118;2023;OCA;76141;220;59353;45;0;0;3;3;1;1;1012695
2024;OCC;37319;C;2024-07-19 16:33:39;311990;2023;OCA;76141;220;57114;29;0;0;3;3;1;1;17314239,55
2024;OCC;48899;C;2024-10-02 12:41:30;311990;2021;OCA;65644;220;57114;29;0;0;3;3;1;1;5599668,38
2022;OCC;85489;C;2023-03-01 15:36:28;83261;2022;OCC;85487;220;65023;35;0;0;3;3;5;1;3388005,61
2022;OCC;85497;C;2023-03-01 15:42:52;83261;2022;OCC;85492;220;65023;35;0;0;3;3;5;1;1218252,46
2022;OCC;85505;C;2023-03-01 15:49:53;124204;2022;OCC;84563;220;65023;35;0;0;3;3;5;1;4498454,63
2022;OCC;84539;C;2023-02-24 11:18:44;124204;2022;OCC;84348;220;65023;35;0;0;3;3;5;1;794877,64
2022;OCC;46301;C;2022-07-18 10:40:45;216656;2019;OCA;43555;220;4751;21;0;0;3;3;5;3;5078237,36
2022;OCC;39621;C;2022-06-10 16:05:39;120202;2019;OCB;11597;220;4759;21;0;0;3;3;5;11;3310943,21
2022;OCC;36250;C;2022-05-23 14:58:08;120202;2019;OCB;11597;220;4760;21;0;0;3;3;5;12;845308,31
2021;OCC;72984;C;2022-01-04 12:15:17;216656;2019;OCA;43555;220;3725;21;0;0;3;3;5;14;292016,01
2022;OCC;59675;C;2022-09-21 14:23:30;120202;2019;OCB;11597;220;4754;21;0;0;3;3;5;6;468762,78
2022;OCC;77187;C;2022-12-28 14:55:33;216656;2019;OCA;43555;220;4749;21;0;0;3;3;5;1;2213360,09
2022;OCC;55637;C;2022-08-31 11:42:16;120202;2019;OCB;11597;220;4756;21;0;0;3;3;5;8;3499402,86
2022;OCC;82419;C;2023-01-27 06:52:29;216656;2019;OCA;43555;220;4749;21;0;0;3;3;5;1;13504,6
2022;OCC;77225;C;2022-12-28 15:29:39;120202;2019;OCB;11597;220;4754;21;0;0;3;3;5;6;52319,59
2022;OCC;77248;C;2022-12-28 15:39:00;120202;2021;OCC;73255;220;4754;21;0;0;3;3;5;6;2948329,7
2024;OCC;2398;C;2024-01-23 12:45:53;190651;2016;OCC;21978;220;40553;35;0;0;3;2;1;1;450000
2024;OCC;2385;C;2024-01-23 12:18:04;236783;2018;OCC;31379;220;40553;35;0;0;3;2;1;1;2025000
2024;OCC;2362;C;2024-01-23 12:04:02;161587;2014;OCC;34061;220;40553;35;0;0;3;2;1;1;750000
