t_ocompra;aa_ocompra;n_ocompra;aa_precepcion;t_precepcion;n_precepcion;o_ente;c_unid_ejec;fh_autorizacion;fh_alta;aa_ocompra_orig;t_ocompra_orig;n_ocompra_orig;e_formulario
OCC;2023;70095;2023;PRD;347470;311990;;2023-09-22 00:00:00;2023-09-22 10:51:25;2021;OCA;65644;A
OCC;2023;67529;2023;PRD;332957;26296;;2023-09-13 00:00:00;2023-09-12 16:50:34;2021;OCA;65640;A
OCC;2023;67489;2023;PRD;332588;32321;;2023-09-12 00:00:00;2023-09-12 15:59:44;2021;OCA;65639;A
OCC;2023;72033;2023;PRD;353585;83261;;2023-09-28 00:00:00;2023-09-28 16:37:34;2021;OCA;65643;A
OCC;2023;79506;2023;PRD;420440;26296;;2023-11-08 00:00:00;2023-11-08 11:24:57;2021;OCA;65640;A
OCC;2022;57467;2022;PRD;289635;120202;;2023-02-07 00:00:00;2022-09-12 09:56:33;2020;OCC;36838;A
OCC;2023;69538;2023;PRD;344711;32118;;2023-09-20 00:00:00;2023-09-20 14:54:20;2021;OCA;65638;A
OCC;2025;27774;2025;PRD;117512;32321;;2025-04-30 00:00:00;2025-04-30 15:18:42;2023;OCA;76138;A
OCC;2024;69087;2024;PRD;469112;26205;;2025-02-13 00:00:00;2025-02-13 16:11:38;2023;OCA;76134;A
OCC;2024;68903;2024;PRD;468829;311990;;2025-02-10 00:00:00;2025-02-10 13:24:28;2021;OCA;65644;A
OCC;2024;68913;2024;PRD;468837;275932;;2025-02-10 00:00:00;2025-02-10 13:49:24;2021;OCA;65645;A
OCC;2024;68914;2024;PRD;468854;275932;;2025-02-10 00:00:00;2025-02-10 14:49:32;2021;OCA;65645;A
OCC;2024;68495;2024;PRD;468023;26296;;2025-01-31 00:00:00;2025-01-31 21:55:17;2021;OCA;65640;A
OCC;2024;66603;2024;PRD;464267;32321;;2025-01-17 00:00:00;2025-01-17 16:17:22;2021;OCA;65639;A
OCC;2024;65063;2024;PRD;460848;83261;;2025-01-13 00:00:00;2025-01-13 11:05:36;2023;OCA;76141;A
OCC;2024;68062;2024;PRD;467194;120202;;2025-01-29 00:00:00;2025-01-29 16:26:15;2021;OCA;65641;A
OCC;2024;67595;2024;PRD;466411;32321;;2025-01-27 00:00:00;2025-01-27 15:49:22;2021;OCA;65639;A
OCC;2024;67598;2024;PRD;466395;32321;;2025-01-27 00:00:00;2025-01-27 15:28:27;2021;OCA;65639;A
OCC;2024;67456;2024;PRD;466079;32879;;2025-01-24 00:00:00;2025-01-24 15:56:11;2023;OCA;76134;A
OCC;2024;67499;2024;PRD;466127;32879;;2025-01-24 00:00:00;2025-01-24 17:28:15;2023;OCA;76135;A
OCC;2024;68978;2024;PRD;468889;120202;;2025-02-10 00:00:00;2025-02-10 20:10:02;2021;OCA;65641;A
OCC;2024;68979;2024;PRD;468890;94546;;2025-02-10 00:00:00;2025-02-10 20:12:07;2021;OCA;65642;A
OCC;2024;68981;2024;PRD;468888;311990;;2025-02-10 00:00:00;2025-02-10 20:08:26;2021;OCA;65644;A
OCC;2024;64865;2024;PRD;460499;311990;;2025-01-10 00:00:00;2025-01-10 15:37:16;2021;OCA;65644;A
OCC;2024;64867;2024;PRD;460476;120202;;2025-01-10 00:00:00;2025-01-10 15:28:21;2021;OCA;65641;A
OCC;2024;68480;2024;PRD;468005;94546;;2025-01-31 00:00:00;2025-01-31 19:52:14;2021;OCA;65642;A
OCC;2024;68507;2024;PRD;468140;32118;;2025-02-03 00:00:00;2025-02-03 11:08:26;2021;OCA;65638;A
OCC;2024;66593;2024;PRD;464018;26296;;2025-01-17 00:00:00;2025-01-17 12:44:30;2023;OCA;76134;A
OCC;2021;39823;2021;PRD;211186;83261;;2021-07-20 00:00:00;2021-07-20 15:06:34;2019;OCC;29304;A
OCC;2022;67577;2022;PRD;366273;311990;;2022-11-07 00:00:00;2022-11-04 11:50:19;2021;OCA;65644;A
OCC;2023;60163;2023;PRD;272660;96905;;2023-08-08 00:00:00;2023-08-08 14:49:53;2011;OCC;10342;A
OCC;2023;54823;2023;PRD;254046;32879;;2023-07-26 00:00:00;2023-07-26 15:10:56;2021;OCC;32595;A
OCC;2023;46488;2023;PRD;191893;311990;;2023-06-15 00:00:00;2023-06-15 12:54:06;2021;OCA;65644;A
OCC;2023;47350;2023;PRD;194871;32118;;2023-06-21 00:00:00;2023-06-21 14:19:33;2021;OCA;65638;A
OCC;2021;75741;2021;PRD;416187;32321;;2022-01-28 00:00:00;2022-01-28 15:44:08;2019;OCB;5978;A
OCC;2022;67527;2022;PRD;365293;311990;;2022-11-03 00:00:00;2022-11-03 17:15:41;2021;OCA;65644;J
OCC;2022;82138;2022;PRD;448115;32321;;2023-01-25 00:00:00;2023-01-24 17:25:44;2021;OCA;65639;A
OCC;2022;82074;2022;PRD;448030;32879;;2023-01-24 00:00:00;2023-01-24 14:01:02;2021;OCC;32595;A
OCC;2022;76311;2022;PRD;448017;32879;;2023-01-24 00:00:00;2023-01-24 13:20:58;2021;OCC;32595;A
OCC;2022;76150;2022;PRD;447982;32885;;2023-01-24 00:00:00;2023-01-24 12:38:36;2021;OCC;32594;A
OCC;2022;77703;2022;PRD;435099;83261;;2022-12-29 00:00:00;2022-12-29 14:53:01;2021;OCA;65643;A
OCC;2022;84367;2022;PRD;452171;32321;;2023-02-23 00:00:00;2023-02-23 12:45:26;2021;OCA;65639;A
OCC;2022;84112;2022;PRD;451823;120202;;2023-02-14 00:00:00;2023-02-14 16:55:29;2021;OCA;65641;A
OCC;2022;84535;2022;PRD;452365;94546;;2023-02-24 00:00:00;2023-02-24 11:02:02;2021;OCA;65642;A
OCC;2022;84344;2022;PRD;452135;32321;;2023-02-17 00:00:00;2023-02-17 17:29:01;2021;OCA;65639;A
OCC;2022;84113;2022;PRD;451824;120202;;2023-02-14 00:00:00;2023-02-14 16:55:32;2021;OCA;65641;A
OCC;2022;83717;2022;PRD;451285;32321;;2023-02-14 00:00:00;2023-02-10 16:35:43;2021;OCA;65639;A
OCC;2023;34510;2023;PRD;124897;32118;;2023-04-25 00:00:00;2023-04-25 10:41:45;2021;OCA;65638;A
OCC;2023;33463;2023;PRD;119372;311990;;2023-04-20 00:00:00;2023-04-20 11:13:00;2021;OCA;65644;A
OCC;2025;36148;2025;PRD;183221;311990;;2025-06-23 00:00:00;2025-06-23 16:56:01;2021;OCA;65644;A
OCC;2023;93034;2023;PRD;501084;73551;;2024-03-20 00:00:00;2024-03-20 10:24:27;2022;OCA;78336;A
OCC;2023;93035;2023;PRD;501081;73551;;2024-03-20 00:00:00;2024-03-20 10:17:18;2022;OCA;78336;A
OCC;2023;92775;2023;PRD;500622;32321;;2024-03-04 00:00:00;2024-03-01 09:36:03;2021;OCA;65639;A
OCC;2023;93045;2023;PRD;501103;26296;;2024-03-20 00:00:00;2024-03-20 12:06:02;2021;OCA;65640;A
OCC;2025;32378;2025;PRD;152168;32321;;2025-05-28 00:00:00;2025-05-28 16:41:30;2023;OCA;76134;A
OCC;2025;34038;2025;PRD;171922;73551;;;2025-06-10 12:08:44;2022;OCA;78336;X
OCC;2025;32218;2025;PRD;150550;311990;;2025-05-27 00:00:00;2025-05-27 20:45:33;2023;OCA;76139;A
OCC;2025;32219;2025;PRD;150548;311990;;2025-05-27 00:00:00;2025-05-27 20:42:52;2023;OCA;76139;A
OCC;2025;35603;2025;PRD;180834;32879;;2025-06-18 00:00:00;2025-06-18 17:06:35;2023;OCA;76137;A
OCC;2025;35608;2025;PRD;180835;32879;;2025-06-19 00:00:00;2025-06-18 17:08:30;2023;OCA;76140;A
OCC;2025;35609;2025;PRD;180837;32879;;2025-06-18 00:00:00;2025-06-18 17:09:44;2023;OCA;76137;A
OCC;2024;59638;2024;PRD;436667;32321;;2024-12-09 00:00:00;2024-12-09 11:30:09;2023;OCA;76141;A
OCC;2023;80790;2023;PRD;438390;32848;;;2023-11-16 12:35:35;2021;OCC;32593;X
OCC;2024;61627;2024;PRD;448132;94546;;2024-12-17 00:00:00;2024-12-17 15:22:53;2021;OCA;65642;A
OCC;2024;49075;2024;PRD;360135;32321;;2024-10-03 00:00:00;2024-10-03 15:06:19;2021;OCA;65639;A
OCC;2024;53080;2024;PRD;385850;94546;;2024-10-25 00:00:00;2024-10-25 13:38:57;2023;OCA;76141;A
OCC;2024;49220;2024;PRD;362793;311990;;2024-10-04 00:00:00;2024-10-04 15:08:40;2021;OCA;65644;A
OCC;2024;52821;2024;PRD;384930;311990;;2024-10-24 00:00:00;2024-10-24 15:09:34;2021;OCA;65644;A
OCC;2024;52844;2024;PRD;384970;311990;;2024-10-24 00:00:00;2024-10-24 15:25:13;2023;OCA;76141;A
OCC;2024;64237;2024;PRD;458339;275932;;2025-01-07 00:00:00;2025-01-07 11:31:41;2021;OCA;65645;A
OCC;2024;50520;2024;PRD;374727;120202;;2024-10-14 00:00:00;2024-10-14 16:03:22;2021;OCA;65641;A
OCC;2024;53016;2024;PRD;385659;94546;;2024-10-25 00:00:00;2024-10-25 12:15:37;2023;OCA;76141;A
OCC;2024;54459;2024;PRD;392849;120202;;2024-11-06 00:00:00;2024-11-06 12:07:22;2021;OCA;65641;A
OCC;2024;54462;2024;PRD;392873;120202;;2024-11-06 00:00:00;2024-11-06 12:14:00;2021;OCA;65641;A
OCC;2024;54927;2024;PRD;396739;32118;;2024-11-08 00:00:00;2024-11-08 13:05:21;2021;OCA;65638;A
OCC;2024;55096;2024;PRD;397383;32879;;2024-11-08 00:00:00;2024-11-08 16:34:40;2023;OCA;76141;A
OCC;2024;34689;2024;PRD;246753;26296;;2024-07-05 00:00:00;2024-07-05 16:29:33;2023;OCA;76139;A
OCC;2024;46740;2024;PRD;329666;94546;;2024-09-18 00:00:00;2024-09-18 15:16:45;2021;OCA;65642;A
OCC;2024;35438;2024;PRD;255564;32118;;2024-07-11 00:00:00;2024-07-11 15:27:11;2023;OCA;76139;A
OCC;2024;41537;2024;PRD;292930;32321;;2024-08-13 00:00:00;2024-08-13 15:28:15;2024;OCC;41524;A
OCC;2024;48897;2024;PRD;356749;311990;;2024-10-02 00:00:00;2024-10-02 12:41:13;2021;OCA;65644;A
OCC;2022;82353;2022;PRD;448708;120202;;2023-01-26 00:00:00;2023-01-26 15:11:34;2019;OCB;11597;A
OCC;2022;84298;2022;PRD;452050;49584;;2023-02-16 00:00:00;2023-02-16 11:40:03;2022;OCC;69254;A
OCC;2022;85516;2022;PRD;453470;83261;;;2023-03-01 15:58:34;2022;OCC;85501;X
OCC;2022;85528;2022;PRD;453482;124204;;2023-03-01 00:00:00;2023-03-01 16:09:34;2022;OCC;85505;A
OCC;2022;84342;2022;PRD;452133;32321;;2023-02-17 00:00:00;2023-02-17 17:10:34;2021;OCA;65639;A
OCC;2022;84546;2022;PRD;452373;124204;;2023-02-24 00:00:00;2023-02-24 11:43:48;2022;OCC;84539;A
OCC;2024;45180;2024;PRD;312140;32118;;2024-09-06 00:00:00;2024-09-06 11:38:27;2023;OCA;76141;A
OCC;2024;45183;2024;PRD;312155;32118;;2024-09-06 00:00:00;2024-09-06 11:40:28;2023;OCA;76141;A
OCC;2024;41185;2024;PRD;290751;26296;;2024-08-12 00:00:00;2024-08-12 15:15:22;2024;OCC;34689;A
OCC;2024;41007;2024;PRD;289504;311990;;2024-08-09 00:00:00;2024-08-09 17:03:03;2023;OCA;76139;A
OCC;2024;37990;2024;PRD;267617;83261;;2024-07-24 00:00:00;2024-07-24 11:54:22;2023;OCA;76140;A
OCC;2023;76515;2023;PRD;387857;49584;;2023-10-23 00:00:00;2023-10-23 16:13:24;2023;OCC;66762;A
OCC;2023;75966;2023;PRD;384727;124204;;2023-10-20 00:00:00;2023-10-20 12:05:17;2023;OCC;74293;A
OCC;2022;34314;2022;PRD;144829;216656;;2022-05-16 00:00:00;2022-05-16 09:54:34;2019;OCA;43555;A
OCC;2022;36734;2022;PRD;154726;216656;;2022-05-26 00:00:00;2022-05-26 13:45:37;2019;OCA;43555;A
OCC;2022;78684;2022;PRD;438892;120202;;2023-01-04 00:00:00;2023-01-04 10:29:11;2019;OCB;11597;A
OCC;2022;85406;2022;PRD;453337;49584;;2023-03-01 00:00:00;2023-03-01 11:16:33;2022;OCC;84311;A
OCC;2022;84094;2022;PRD;451806;120202;;2023-02-14 00:00:00;2023-02-14 16:27:34;2021;OCA;65641;A
OCC;2023;86149;2023;PRD;478920;83261;;2023-12-07 00:00:00;2023-12-07 16:09:48;2023;OCC;81526;A
OCC;2022;84539;2022;PRD;452367;124204;;2023-02-24 00:00:00;2023-02-24 11:20:54;2022;OCC;84348;A
OCC;2023;67449;2023;PRD;332381;26296;;2023-09-13 00:00:00;2023-09-12 15:31:56;2021;OCA;65640;A
OCC;2023;70105;2023;PRD;347495;311990;;2023-09-22 00:00:00;2023-09-22 11:04:17;2021;OCA;65644;A
OCC;2023;67532;2023;PRD;332973;26296;;2023-09-12 00:00:00;2023-09-12 16:58:09;2021;OCA;65640;A
OCC;2023;66331;2023;PRD;317389;83261;;2023-09-06 00:00:00;2023-09-06 16:02:18;2021;OCA;65643;A
OCC;2023;75839;2023;PRD;383936;83261;;2023-10-19 00:00:00;2023-10-19 16:20:27;2021;OCA;65643;A
OCC;2024;66607;2024;PRD;464264;32321;;2025-01-17 00:00:00;2025-01-17 16:11:45;2021;OCA;65639;A
OCC;2023;71958;2023;PRD;353475;26296;;2023-09-28 00:00:00;2023-09-28 15:52:14;2021;OCA;65640;A
OCC;2023;79222;2023;PRD;417139;311990;;2023-11-07 00:00:00;2023-11-07 10:28:20;2021;OCA;65644;A
OCC;2023;68074;2023;PRD;338247;311990;;2023-09-14 00:00:00;2023-09-14 16:33:05;2021;OCA;65644;A
OCC;2024;54835;2024;PRD;395410;32321;;2024-11-07 00:00:00;2024-11-07 16:18:19;2023;OCA;76141;A
OCC;2023;69522;2023;PRD;344635;32118;;2023-09-20 00:00:00;2023-09-20 14:41:40;2021;OCA;65638;A
OCC;2023;69530;2023;PRD;344666;32118;;2023-09-20 00:00:00;2023-09-20 14:47:58;2021;OCA;65638;A
OCC;2025;27616;2025;PRD;116892;311990;;2025-04-29 00:00:00;2025-04-29 17:26:21;2023;OCA;76135;A
OCC;2025;22579;2025;PRD;77765;32118;;2025-03-26 00:00:00;2025-03-26 15:58:48;2021;OCA;65638;A
OCC;2025;24040;2025;PRD;97260;94546;;2025-04-08 00:00:00;2025-04-08 12:18:27;2021;OCA;65642;A
OCC;2025;29485;2025;PRD;130386;32118;;2025-05-13 00:00:00;2025-05-13 11:40:59;2023;OCA;76137;A
OCC;2024;69059;2024;PRD;469036;32879;;2025-02-12 00:00:00;2025-02-12 20:22:38;2023;OCA;76141;A
OCC;2024;69063;2024;PRD;469038;32879;;2025-02-13 00:00:00;2025-02-12 20:36:17;2023;OCA;76141;A
OCC;2024;69070;2024;PRD;469102;32879;;2025-02-13 00:00:00;2025-02-13 15:59:11;2023;OCA;76141;A
OCC;2023;67154;2023;PRD;327699;311990;;2023-09-11 00:00:00;2023-09-11 15:44:02;2021;OCA;65644;A
OCC;2024;66587;2024;PRD;464248;32321;;2025-01-17 00:00:00;2025-01-17 15:47:45;2021;OCA;65639;A
OCC;2024;68856;2024;PRD;468708;83261;;2025-02-07 00:00:00;2025-02-07 15:18:54;2021;OCA;65643;A
OCC;2024;67355;2024;PRD;465928;73551;;2025-01-24 00:00:00;2025-01-24 12:17:35;2023;OCA;76141;A
OCC;2024;67357;2024;PRD;465979;73551;;2025-01-24 00:00:00;2025-01-24 14:13:15;2023;OCA;76141;A
OCC;2024;67239;2024;PRD;465564;26296;;2025-01-22 00:00:00;2025-01-22 16:05:38;2023;OCA;76141;A
OCC;2024;67505;2024;PRD;466131;32879;;2025-01-27 00:00:00;2025-01-24 17:53:53;2023;OCA;76134;A
OCC;2024;66721;2024;PRD;464279;311990;;2025-01-17 00:00:00;2025-01-17 16:31:40;2021;OCA;65644;A
OCC;2024;66724;2024;PRD;464303;311990;;2025-01-17 00:00:00;2025-01-17 16:54:02;2021;OCA;65644;A
OCC;2024;68481;2024;PRD;468004;94546;;2025-01-31 00:00:00;2025-01-31 19:50:10;2021;OCA;65642;A
OCC;2024;67398;2024;PRD;465947;32118;;2025-01-24 00:00:00;2025-01-24 12:55:52;2023;OCA;76141;A
OCC;2024;69051;2024;PRD;469028;32118;;2025-02-12 00:00:00;2025-02-12 16:49:15;2023;OCA;76141;A
OCC;2024;68501;2024;PRD;468143;32118;;2025-02-03 00:00:00;2025-02-03 11:15:52;2021;OCA;65638;A
OCC;2024;68502;2024;PRD;468149;32118;;2025-02-03 00:00:00;2025-02-03 11:24:21;2021;OCA;65638;A
OCC;2024;64472;2024;PRD;459258;311990;;2025-01-08 00:00:00;2025-01-08 17:01:14;2021;OCA;65644;A
OCC;2024;66877;2024;PRD;464653;311990;;2025-01-20 00:00:00;2025-01-20 15:04:08;2023;OCA;76141;A
OCC;2021;38614;2021;PRD;212376;83261;;2021-07-21 00:00:00;2021-07-21 14:17:34;2019;OCC;29304;A
OCC;2023;46638;2023;PRD;192488;32321;;2023-06-15 00:00:00;2023-06-15 15:35:49;2021;OCA;65639;A
OCC;2023;50833;2023;PRD;216806;26296;;2023-07-04 00:00:00;2023-07-04 17:43:15;2021;OCA;65640;A
OCC;2021;72587;2021;PRD;406112;83261;;2021-12-30 00:00:00;2021-12-30 15:31:45;2019;OCC;29304;A
OCC;2022;67565;2022;PRD;366121;311990;;2022-11-04 00:00:00;2022-11-04 11:20:15;2021;OCA;65644;A
OCC;2022;81487;2022;PRD;446372;32321;;2023-01-18 00:00:00;2023-01-18 15:08:23;2021;OCA;65639;A
OCC;2022;71972;2022;PRD;396960;311990;;2022-12-02 00:00:00;2022-12-01 12:33:15;2022;OCC;66964;A
OCC;2022;76323;2022;PRD;448018;32879;;2023-01-24 00:00:00;2023-01-24 13:22:10;2021;OCC;32595;A
OCC;2022;76133;2022;PRD;447978;32885;;2023-01-27 00:00:00;2023-01-24 12:21:12;2021;OCC;32594;A
OCC;2022;84333;2022;PRD;452120;311990;;2023-02-17 00:00:00;2023-02-17 14:17:56;2021;OCA;65644;A
OCC;2022;82913;2022;PRD;449914;311990;;2023-01-31 00:00:00;2023-01-31 17:22:53;2021;OCA;65644;A
OCC;2023;34532;2023;PRD;125012;120202;;2023-04-25 00:00:00;2023-04-25 11:21:04;2021;OCA;65641;A
OCC;2023;34541;2023;PRD;125091;83261;;2023-04-25 00:00:00;2023-04-25 11:39:17;2021;OCA;65643;A
OCC;2023;38089;2023;PRD;145077;275932;;2023-05-10 00:00:00;2023-05-10 12:59:03;2021;OCA;65645;A
OCC;2023;43636;2023;PRD;169235;96905;;2023-06-01 00:00:00;2023-06-01 15:27:19;2011;OCC;10342;A
OCC;2023;33470;2023;PRD;119406;311990;;2023-04-20 00:00:00;2023-04-20 11:20:22;2021;OCA;65644;A
OCC;2023;39190;2023;PRD;152868;96905;;2023-05-15 00:00:00;2023-05-15 13:43:11;2011;OCC;10342;A
OCC;2023;93039;2023;PRD;501089;275932;;2024-03-20 00:00:00;2024-03-20 11:12:00;2021;OCA;65645;A
OCC;2023;92919;2023;PRD;500897;32118;;2024-03-15 00:00:00;2024-03-08 15:43:53;2021;OCA;65638;A
OCC;2023;92922;2023;PRD;500896;32118;;2024-03-08 00:00:00;2024-03-08 15:30:26;2021;OCA;65638;A
OCC;2023;93009;2023;PRD;501061;32879;;2024-03-18 00:00:00;2024-03-18 11:38:58;2023;OCA;28334;A
OCC;2023;93047;2023;PRD;501105;26296;;2024-03-20 00:00:00;2024-03-20 12:12:18;2021;OCA;65640;A
OCC;2023;92890;2023;PRD;500834;94546;;2024-03-07 00:00:00;2024-03-07 11:01:33;2021;OCA;65642;A
OCC;2023;92796;2023;PRD;500656;120202;;2024-03-04 00:00:00;2024-03-04 14:27:07;2021;OCA;65641;A
OCC;2025;35601;2025;PRD;180827;32879;;2025-06-18 00:00:00;2025-06-18 16:56:31;2023;OCA;76137;A
OCC;2025;35602;2025;PRD;180828;32879;;2025-06-19 00:00:00;2025-06-18 16:57:59;2023;OCA;76138;A
OCC;2025;35617;2025;PRD;180842;32879;;2025-06-18 00:00:00;2025-06-18 17:13:41;2023;OCA;76137;A
OCC;2024;49214;2024;PRD;362817;311990;;2024-10-04 00:00:00;2024-10-04 15:17:36;2021;OCA;65644;A
OCC;2023;84502;2023;PRD;462086;32321;;2023-12-04 00:00:00;2023-12-04 13:53:57;2021;OCA;65639;A
OCC;2023;86119;2023;PRD;478669;311990;;2023-12-07 00:00:00;2023-12-07 14:22:25;2021;OCA;65644;A
OCC;2024;53066;2024;PRD;385831;94546;;2024-10-25 00:00:00;2024-10-25 13:28:10;2023;OCA;76141;A
OCC;2024;53070;2024;PRD;385837;94546;;2024-10-25 00:00:00;2024-10-25 13:31:12;2023;OCA;76141;A
OCC;2024;52999;2024;PRD;385592;275932;;2024-10-25 00:00:00;2024-10-25 11:53:27;2021;OCA;65645;A
OCC;2024;52813;2024;PRD;384913;311990;;2024-10-24 00:00:00;2024-10-24 15:01:36;2021;OCA;65644;A
OCC;2024;50524;2024;PRD;374830;120202;;2024-10-14 00:00:00;2024-10-14 16:27:24;2021;OCA;65641;A
OCC;2024;54923;2024;PRD;396547;32118;;2024-11-08 00:00:00;2024-11-08 12:18:35;2021;OCA;65638;A
OCC;2024;58580;2024;PRD;426833;120202;;2024-12-04 00:00:00;2024-12-04 12:06:33;2023;OCA;76141;A
OCC;2024;55089;2024;PRD;397359;32879;;2024-11-08 00:00:00;2024-11-08 16:29:34;2023;OCA;76141;A
OCC;2024;57580;2024;PRD;419688;26296;;2024-11-28 00:00:00;2024-11-28 14:57:09;2021;OCA;65640;A
OCC;2024;55890;2024;PRD;405311;73551;;2024-11-15 00:00:00;2024-11-15 12:10:26;2023;OCA;76141;A
OCC;2024;55897;2024;PRD;405368;73551;;2024-11-15 00:00:00;2024-11-15 12:21:32;2023;OCA;76141;A
OCC;2024;55900;2024;PRD;405403;73551;;2024-11-15 00:00:00;2024-11-15 12:28:24;2023;OCA;76141;A
OCC;2024;68808;2024;PRD;468632;124204;;2025-02-07 00:00:00;2025-02-07 12:03:10;2024;OCC;68651;A
OCC;2022;84336;2022;PRD;452126;94546;;2023-02-17 00:00:00;2023-02-17 16:07:59;2021;OCA;65642;A
OCC;2024;47388;2024;PRD;337078;120202;;2024-09-20 00:00:00;2024-09-20 15:54:31;2021;OCA;65641;A
OCC;2024;47398;2024;PRD;337092;120202;;2024-09-20 00:00:00;2024-09-20 15:56:07;2021;OCA;65641;A
OCC;2024;34469;2024;PRD;244355;83261;;2024-07-04 00:00:00;2024-07-04 17:03:02;2023;OCA;76134;A
OCC;2024;46737;2024;PRD;329652;94546;;2024-09-18 00:00:00;2024-09-18 15:15:20;2021;OCA;65642;A
OCC;2024;39993;2024;PRD;279223;311990;;2024-08-05 00:00:00;2024-08-05 18:33:11;2023;OCA;76140;A
OCC;2022;82419;2022;PRD;448833;216656;;2023-01-27 00:00:00;2023-01-27 06:57:29;2019;OCA;43555;A
OCC;2022;85489;2022;PRD;453441;83261;;2023-03-01 00:00:00;2023-03-01 15:37:18;2022;OCC;85487;A
OCC;2022;84311;2022;PRD;452075;49584;;2023-02-16 00:00:00;2023-02-16 16:01:53;2022;OCC;84310;A
OCC;2022;85487;2022;PRD;453435;83261;;2023-03-01 00:00:00;2023-03-01 15:33:53;2022;OCC;48164;A
OCC;2024;46090;2024;PRD;322198;83261;;2024-09-16 00:00:00;2024-09-16 10:44:09;2023;OCA;76135;A
OCC;2024;41183;2024;PRD;290684;26296;;2024-08-12 00:00:00;2024-08-12 14:48:01;2024;OCC;34689;A
OCC;2023;51281;2023;PRD;246213;120202;;2023-07-20 00:00:00;2023-07-20 11:36:44;2021;OCB;17609;A
OCC;2022;46301;2022;PRD;234071;216656;;2022-07-26 00:00:00;2022-07-26 10:12:45;2019;OCA;43555;A
OCC;2022;39621;2022;PRD;175291;120202;;2022-06-13 00:00:00;2022-06-13 13:34:52;2019;OCB;11597;A
OCC;2022;49289;2022;PRD;238829;120202;;2022-07-29 00:00:00;2022-07-29 15:38:22;2019;OCB;11597;A
OCC;2024;2398;2024;PRD;1341;190651;;2024-01-23 00:00:00;2024-01-23 12:46:41;2016;OCC;21978;A
OCC;2023;92672;2023;PRD;500441;49584;;2024-02-27 00:00:00;2024-02-27 15:32:56;2023;OCC;85901;A
OCC;2023;68881;2023;PRD;342319;311990;;2023-09-19 00:00:00;2023-09-19 10:49:02;2021;OCA;65644;A
OCC;2023;67724;2023;PRD;335235;32321;;2023-09-13 00:00:00;2023-09-13 14:19:03;2021;OCA;65639;A
OCC;2023;70116;2023;PRD;347553;311990;;2023-09-22 00:00:00;2023-09-22 11:29:28;2021;OCA;65644;A
OCC;2023;67493;2023;PRD;332640;26296;;2023-09-12 00:00:00;2023-09-12 16:05:14;2021;OCA;65640;A
OCC;2023;67527;2023;PRD;332925;32321;;2023-09-12 00:00:00;2023-09-12 16:43:13;2021;OCA;65639;A
OCC;2024;69073;2024;PRD;469044;32879;;2025-02-13 00:00:00;2025-02-13 08:58:31;2023;OCA;76141;A
OCC;2023;67960;2023;PRD;337249;83261;;2023-09-14 00:00:00;2023-09-14 12:16:41;2021;OCA;65643;A
OCC;2023;79248;2023;PRD;417529;120202;;2023-11-07 00:00:00;2023-11-07 11:05:11;2021;OCA;65641;A
OCC;2023;79507;2023;PRD;420374;26296;;2023-11-08 00:00:00;2023-11-08 11:14:16;2021;OCA;65640;A
OCC;2023;68067;2023;PRD;338195;311990;;2023-09-14 00:00:00;2023-09-14 16:12:57;2021;OCA;65644;A
OCC;2024;50516;2024;PRD;374853;120202;;2024-10-14 00:00:00;2024-10-14 16:32:35;2021;OCA;65641;A
OCC;2024;50519;2024;PRD;374861;120202;;2024-10-14 00:00:00;2024-10-14 16:37:12;2021;OCA;65641;A
OCC;2025;27815;2025;PRD;124215;275932;;2025-05-08 00:00:00;2025-05-08 11:30:01;2023;OCA;76140;A
OCC;2025;27620;2025;PRD;116895;311990;;2025-04-29 00:00:00;2025-04-29 17:39:04;2023;OCA;76138;A
OCC;2025;28453;2025;PRD;122980;32879;;2025-05-07 00:00:00;2025-05-07 15:39:57;2023;OCA;76138;A
OCC;2025;22586;2025;PRD;77847;32321;;2025-03-26 00:00:00;2025-03-26 16:14:47;2023;OCA;76138;A
OCC;2025;22598;2025;PRD;78209;311990;;2025-03-26 00:00:00;2025-03-26 16:50:58;2021;OCA;65644;A
OCC;2025;29481;2025;PRD;130349;32118;;2025-05-13 00:00:00;2025-05-13 11:28:34;2023;OCA;76139;A
OCC;2025;29484;2025;PRD;131900;32118;;2025-05-14 00:00:00;2025-05-14 12:13:16;2023;OCA;76137;A
OCC;2024;68933;2024;PRD;468814;94546;;2025-02-10 00:00:00;2025-02-10 12:50:51;2021;OCA;65642;A
OCC;2024;68943;2024;PRD;469109;26205;;2025-02-13 00:00:00;2025-02-13 16:04:49;2023;OCA;76134;A
OCC;2024;68946;2024;PRD;469100;26205;;2025-02-13 00:00:00;2025-02-13 15:54:31;2023;OCA;76135;A
OCC;2024;67445;2024;PRD;466060;32879;;2025-01-24 00:00:00;2025-01-24 15:30:17;2023;OCA;76141;A
OCC;2024;66588;2024;PRD;464255;32321;;2025-01-17 00:00:00;2025-01-17 15:54:14;2021;OCA;65639;A
OCC;2024;67366;2024;PRD;466007;73551;;2025-01-24 00:00:00;2025-01-24 14:42:03;2023;OCA;76141;A
OCC;2024;67373;2024;PRD;466015;73551;;2025-01-24 00:00:00;2025-01-24 14:48:16;2023;OCA;76141;A
OCC;2024;69055;2024;PRD;469034;32879;;2025-02-12 00:00:00;2025-02-12 20:07:31;2023;OCA;76140;A
OCC;2024;67353;2024;PRD;465914;73551;;2025-01-24 00:00:00;2025-01-24 12:00:41;2023;OCA;76141;A
OCC;2024;68054;2024;PRD;467186;120202;;2025-01-29 00:00:00;2025-01-29 16:14:39;2021;OCA;65641;A
OCC;2024;67466;2024;PRD;466095;32879;;2025-01-24 00:00:00;2025-01-24 16:21:35;2023;OCA;76138;A
OCC;2024;69175;2024;PRD;469221;73551;;2025-02-17 00:00:00;2025-02-17 12:58:36;2023;OCA;76135;A
OCC;2024;66722;2024;PRD;464322;311990;;2025-01-17 00:00:00;2025-01-17 17:13:03;2021;OCA;65644;A
OCC;2024;66726;2024;PRD;464325;311990;;2025-01-17 00:00:00;2025-01-17 17:17:37;2021;OCA;65644;A
OCC;2024;68485;2024;PRD;468021;94546;;2025-01-31 00:00:00;2025-01-31 21:28:26;2021;OCA;65642;A
OCC;2024;69186;2024;PRD;469231;120202;;2025-02-17 00:00:00;2025-02-17 15:57:39;2021;OCA;65641;A
OCC;2024;68506;2024;PRD;468158;32118;;2025-02-03 00:00:00;2025-02-03 11:38:17;2021;OCA;65638;A
OCC;2024;66874;2024;PRD;464645;311990;;2025-01-20 00:00:00;2025-01-20 14:56:28;2023;OCA;76141;A
OCC;2021;38566;2021;PRD;200747;32848;;2021-07-13 00:00:00;2021-07-13 13:46:56;2019;OCC;29291;A
OCC;2023;54800;2023;PRD;254011;32879;;2023-07-26 00:00:00;2023-07-26 15:05:13;2021;OCC;32595;A
OCC;2023;55627;2023;PRD;264550;32848;;2023-08-09 00:00:00;2023-08-03 16:39:13;2021;OCC;32593;A
OCC;2022;66964;2022;PRD;361568;311990;;2022-11-02 00:00:00;2022-11-01 21:37:42;2021;OCA;65644;A
OCC;2022;57197;2022;PRD;286927;83261;;2022-09-08 00:00:00;2022-09-08 19:04:24;2021;OCC;32596;A
OCC;2022;82140;2022;PRD;448120;32885;;;2023-01-24 17:39:42;2021;OCC;32594;P
OCC;2022;82915;2022;PRD;449921;311990;;2023-01-31 00:00:00;2023-01-31 17:35:12;2021;OCA;65644;A
OCC;2023;38138;2023;PRD;145346;32321;;2023-05-10 00:00:00;2023-05-10 14:16:56;2021;OCA;65639;A
OCC;2023;38234;2023;PRD;145960;26296;;2023-05-10 00:00:00;2023-05-10 16:24:24;2021;OCA;65640;A
OCC;2023;33135;2023;PRD;117446;32321;;2023-04-19 00:00:00;2023-04-19 12:52:53;2021;OCA;65639;A
OCC;2023;34518;2023;PRD;124946;26296;;2023-04-25 00:00:00;2023-04-25 10:54:39;2021;OCA;65640;A
OCC;2023;93043;2023;PRD;501095;32321;;2024-03-20 00:00:00;2024-03-20 11:40:35;2021;OCA;65639;A
OCC;2023;92917;2023;PRD;500898;32118;;2024-03-08 00:00:00;2024-03-08 15:49:04;2021;OCA;65638;A
OCC;2023;92920;2023;PRD;500902;32118;;2024-03-08 00:00:00;2024-03-08 16:20:40;2021;OCA;65638;A
OCC;2023;92972;2023;PRD;500984;120202;;2024-03-13 00:00:00;2024-03-13 16:18:57;2021;OCA;65641;A
OCC;2023;92794;2023;PRD;500654;120202;;2024-03-04 00:00:00;2024-03-04 14:19:06;2021;OCA;65641;A
OCC;2025;30319;2025;PRD;135566;311990;;2025-05-16 00:00:00;2025-05-16 16:06:28;2023;OCA;76140;A
OCC;2025;30256;2025;PRD;135363;73551;;2025-05-16 00:00:00;2025-05-16 15:00:23;2023;OCA;76135;A
OCC;2024;59632;2024;PRD;436629;32321;;2024-12-09 00:00:00;2024-12-09 11:21:10;2023;OCA;76141;A
OCC;2024;49079;2024;PRD;360418;32321;;2024-10-03 00:00:00;2024-10-03 15:55:10;2021;OCA;65639;A
OCC;2024;64374;2024;PRD;458879;83261;;2025-01-08 00:00:00;2025-01-08 11:09:35;2021;OCA;65643;A
OCC;2024;53001;2024;PRD;385589;94546;;2024-10-25 00:00:00;2024-10-25 11:52:22;2023;OCA;76141;A
OCC;2024;64441;2024;PRD;459234;311990;;2025-01-08 00:00:00;2025-01-08 16:33:45;2021;OCA;65644;A
OCC;2024;64444;2024;PRD;459197;311990;;2025-01-08 00:00:00;2025-01-08 15:36:29;2021;OCA;65644;A
OCC;2024;64321;2024;PRD;458652;32321;;2025-01-07 00:00:00;2025-01-07 16:32:49;2021;OCA;65639;A
OCC;2024;50536;2024;PRD;374864;120202;;2024-10-14 00:00:00;2024-10-14 16:39:53;2021;OCA;65641;A
OCC;2024;62101;2024;PRD;449629;311990;;2024-12-19 00:00:00;2024-12-19 10:44:43;2023;OCA;76141;A
OCC;2024;52855;2024;PRD;385003;311990;;2024-10-24 00:00:00;2024-10-24 15:40:20;2021;OCA;65644;A
OCC;2024;64261;2024;PRD;458477;120202;;2025-01-07 00:00:00;2025-01-07 12:52:07;2021;OCA;65641;A
OCC;2024;61831;2024;PRD;448765;32118;;2024-12-18 00:00:00;2024-12-18 12:37:52;2021;OCA;65638;A
OCC;2024;52824;2024;PRD;385043;26296;;2024-10-24 00:00:00;2024-10-24 16:09:14;2023;OCA;76139;A
OCC;2024;52826;2024;PRD;385056;26296;;2024-10-24 00:00:00;2024-10-24 16:15:03;2023;OCA;76135;A
OCC;2024;58582;2024;PRD;426873;120202;;2024-12-04 00:00:00;2024-12-04 12:10:55;2023;OCA;76141;A
OCC;2024;55111;2024;PRD;397393;32879;;2024-11-12 00:00:00;2024-11-08 16:39:08;2023;OCA;76141;A
OCC;2024;69112;2024;PRD;469093;49584;;2025-02-13 00:00:00;2025-02-13 15:18:28;2025;OCO;8;A
OCC;2022;84334;2022;PRD;452121;311990;;2023-02-22 00:00:00;2023-02-17 14:38:34;2021;OCA;65644;A
OCC;2024;47377;2024;PRD;337044;120202;;2024-09-20 00:00:00;2024-09-20 15:49:39;2021;OCA;65641;A
OCC;2024;46733;2024;PRD;329600;94546;;2024-09-18 00:00:00;2024-09-18 15:11:40;2021;OCA;65642;A
OCC;2024;37905;2024;PRD;267096;275932;;2024-07-23 00:00:00;2024-07-23 16:51:17;2023;OCA;76141;A
OCC;2024;37927;2024;PRD;267112;32118;;2024-07-23 00:00:00;2024-07-23 17:08:07;2023;OCA;76141;A
OCC;2022;84563;2022;PRD;452388;124204;;2023-02-24 00:00:00;2023-02-24 12:19:01;2022;OCC;84546;A
OCC;2022;85505;2022;PRD;453459;124204;;2023-03-01 00:00:00;2023-03-01 15:50:36;2022;OCC;84563;A
OCC;2022;85523;2022;PRD;453476;83261;;2023-03-01 00:00:00;2023-03-01 16:05:06;2022;OCC;85519;A
OCC;2022;84310;2022;PRD;452074;49584;;2023-02-16 00:00:00;2023-02-16 15:54:01;2022;OCC;84309;A
OCC;2022;84312;2022;PRD;452080;120202;;2023-02-17 00:00:00;2023-02-16 16:34:42;2021;OCA;65641;A
OCC;2024;51708;2024;PRD;380711;311990;;2024-10-18 00:00:00;2024-10-18 16:46:04;2021;OCA;65644;A
OCC;2024;45178;2024;PRD;312113;32118;;2024-09-06 00:00:00;2024-09-06 11:31:16;2023;OCA;76141;A
OCC;2023;74293;2023;PRD;374549;124204;;2023-10-10 00:00:00;2023-10-10 16:07:41;2023;OCC;74285;A
OCC;2022;59675;2022;PRD;302850;120202;;2022-09-21 00:00:00;2022-09-21 15:35:09;2019;OCB;11597;A
OCC;2022;77225;2022;PRD;436814;120202;;2023-01-02 00:00:00;2023-01-02 10:49:27;2019;OCB;11597;A
OCC;2022;85411;2022;PRD;453340;49584;;;2023-03-01 11:33:01;2022;OCC;85408;X
OCC;2023;86370;2023;PRD;480720;32321;;2023-12-12 00:00:00;2023-12-12 13:43:32;2023;OCC;86100;A
OCC;2023;86366;2023;PRD;480680;83261;;2023-12-12 00:00:00;2023-12-12 13:06:45;2023;OCC;86149;A
OCC;2024;2362;2024;PRD;1275;161587;;2024-01-23 00:00:00;2024-01-23 12:05:01;2014;OCC;34061;A
OCC;2023;24446;2023;PRD;52991;32321;;2023-03-06 00:00:00;2023-03-06 11:54:30;2022;OCC;85532;A
OCC;2023;70112;2023;PRD;347530;311990;;2023-09-22 00:00:00;2023-09-22 11:18:13;2021;OCA;65644;A
OCC;2023;75397;2023;PRD;382258;32321;;2023-10-18 00:00:00;2023-10-18 18:21:13;2021;OCA;65639;A
OCC;2023;66626;2023;PRD;319961;120202;;2023-09-07 00:00:00;2023-09-07 15:31:10;2021;OCA;65641;A
OCC;2023;66583;2023;PRD;319832;120202;;2023-09-07 00:00:00;2023-09-07 15:04:05;2021;OCA;65641;A
OCC;2023;75416;2023;PRD;382020;32321;;2023-10-18 00:00:00;2023-10-18 15:29:03;2021;OCA;65639;A
OCC;2023;67510;2023;PRD;332700;32321;;2023-09-12 00:00:00;2023-09-12 16:11:04;2021;OCA;65639;A
OCC;2023;67515;2023;PRD;332826;32321;;2023-09-12 00:00:00;2023-09-12 16:23:03;2021;OCA;65639;A
OCC;2023;67519;2023;PRD;332893;32321;;2023-09-22 00:00:00;2023-09-12 16:30:47;2021;OCA;65639;A
OCC;2023;67531;2023;PRD;332967;32321;;2023-09-13 00:00:00;2023-09-12 16:55:51;2021;OCA;65639;A
OCC;2023;75797;2023;PRD;383870;83261;;2023-10-19 00:00:00;2023-10-19 15:55:28;2021;OCA;65643;A
OCC;2023;71989;2023;PRD;353522;83261;;2023-09-28 00:00:00;2023-09-28 16:07:17;2021;OCA;65643;A
OCC;2023;79275;2023;PRD;417937;120202;;2023-11-07 00:00:00;2023-11-07 11:41:45;2021;OCA;65641;A
OCC;2023;68059;2023;PRD;338180;311990;;2023-09-14 00:00:00;2023-09-14 16:05:07;2021;OCA;65644;A
OCC;2023;68082;2023;PRD;338265;311990;;2023-09-14 00:00:00;2023-09-14 16:53:12;2021;OCA;65644;A
OCC;2023;84136;2023;PRD;454972;311990;;2023-12-01 00:00:00;2023-12-01 16:21:31;2021;OCA;65644;A
OCC;2023;66032;2023;PRD;314024;120202;;2023-09-05 00:00:00;2023-09-05 17:00:51;2021;OCA;65641;A
OCC;2025;27615;2025;PRD;116890;311990;;2025-04-29 00:00:00;2025-04-29 17:23:06;2023;OCA;76138;A
OCC;2025;28456;2025;PRD;123084;32879;;2025-05-07 00:00:00;2025-05-07 16:03:11;2023;OCA;76137;A
OCC;2025;22657;2025;PRD;78993;120202;;2025-03-27 00:00:00;2025-03-27 10:32:38;2023;OCA;76137;A
OCC;2025;22597;2025;PRD;78182;311990;;2025-03-26 00:00:00;2025-03-26 16:48:21;2021;OCA;65644;A
OCC;2025;22528;2025;PRD;77434;311990;;2025-03-26 00:00:00;2025-03-26 15:20:36;2021;OCA;65644;A
OCC;2025;22531;2025;PRD;77483;311990;;2025-03-26 00:00:00;2025-03-26 15:25:36;2021;OCA;65644;A
OCC;2024;69061;2024;PRD;469075;32879;;2025-02-13 00:00:00;2025-02-13 14:11:31;2023;OCA;76140;A
OCC;2024;69064;2024;PRD;469089;32879;;2025-02-13 00:00:00;2025-02-13 15:05:23;2023;OCA;76135;A
OCC;2024;69065;2024;PRD;469095;32879;;2025-02-13 00:00:00;2025-02-13 15:32:52;2023;OCA;76141;A
OCC;2024;69066;2024;PRD;469040;32879;;2025-02-12 00:00:00;2025-02-12 21:00:36;2023;OCA;76141;A
OCC;2024;69072;2024;PRD;469041;32879;;2025-02-13 00:00:00;2025-02-12 21:05:42;2023;OCA;76141;A
OCC;2024;68905;2024;PRD;468833;311990;;2025-02-10 00:00:00;2025-02-10 13:35:27;2021;OCA;65644;A
OCC;2024;68851;2024;PRD;468699;83261;;2025-02-07 00:00:00;2025-02-07 15:07:51;2021;OCA;65643;A
OCC;2024;68859;2024;PRD;468712;83261;;2025-02-07 00:00:00;2025-02-07 15:23:01;2021;OCA;65643;A
OCC;2024;67479;2024;PRD;466105;32879;;2025-01-24 00:00:00;2025-01-24 16:35:31;2023;OCA;76139;A
OCC;2024;69157;2024;PRD;469188;73551;;2025-02-14 00:00:00;2025-02-14 16:10:12;2023;OCA;76134;A
OCC;2024;69158;2024;PRD;469181;73551;;2025-02-14 00:00:00;2025-02-14 15:52:33;2023;OCA;76134;A
OCC;2024;67297;2024;PRD;465903;73551;;2025-01-24 00:00:00;2025-01-24 11:39:23;2023;OCA;76141;A
OCC;2024;69184;2024;PRD;469229;120202;;2025-02-17 00:00:00;2025-02-17 15:50:06;2021;OCA;65641;A
OCC;2024;69188;2024;PRD;469237;120202;;2025-02-17 00:00:00;2025-02-17 16:03:48;2021;OCA;65641;A
OCC;2024;68503;2024;PRD;468168;32118;;2025-02-03 00:00:00;2025-02-03 11:51:42;2021;OCA;65638;A
OCC;2024;64474;2024;PRD;459254;311990;;2025-01-08 00:00:00;2025-01-08 16:56:05;2021;OCA;65644;A
OCC;2024;66872;2024;PRD;464647;311990;;2025-01-27 00:00:00;2025-01-20 14:59:36;2023;OCA;76141;A
OCC;2021;38614;2021;PRD;200807;83261;;;2021-07-13 13:53:43;2019;OCC;29304;X
OCC;2021;41412;2021;PRD;219365;32879;;2021-07-29 00:00:00;2021-07-29 13:52:44;2019;OCC;29301;A
OCC;2023;49341;2023;PRD;204593;96905;;2023-06-27 00:00:00;2023-06-27 16:31:35;2023;OCC;44901;A
OCC;2023;51129;2023;PRD;219406;96905;;2023-07-05 00:00:00;2023-07-05 16:04:34;2011;OCC;10342;A
OCC;2022;69656;2022;PRD;381428;32879;;2022-11-16 00:00:00;2022-11-16 15:55:38;2021;OCC;32595;A
OCC;2022;72514;2022;PRD;398631;94546;;2022-12-02 00:00:00;2022-12-02 16:34:08;2021;OCA;65642;A
OCC;2022;72518;2022;PRD;398656;94546;;2022-12-02 00:00:00;2022-12-02 16:53:24;2021;OCA;65642;A
OCC;2022;72480;2022;PRD;398540;26296;;2022-12-02 00:00:00;2022-12-02 15:41:46;2021;OCA;65640;A
OCC;2022;81522;2022;PRD;446598;32321;;2023-01-19 00:00:00;2023-01-19 10:51:25;2021;OCA;65639;A
OCC;2022;81514;2022;PRD;446403;32321;;2023-01-18 00:00:00;2023-01-18 15:53:53;2021;OCA;65639;A
OCC;2022;72278;2022;PRD;397578;94546;;2022-12-02 00:00:00;2022-12-01 17:14:28;2021;OCA;65642;A
OCC;2022;82139;2022;PRD;448118;32321;;2023-01-25 00:00:00;2023-01-24 17:28:39;2021;OCA;65639;A
OCC;2022;82914;2022;PRD;449922;311990;;2023-01-31 00:00:00;2023-01-31 17:35:17;2021;OCA;65644;A
OCC;2022;84066;2022;PRD;451785;76848;;2023-02-14 00:00:00;2023-02-14 15:57:08;2021;OCA;65645;A
OCC;2022;84446;2022;PRD;452267;32118;;2023-02-23 00:00:00;2023-02-23 16:27:58;2021;OCA;65638;A
OCC;2022;84098;2022;PRD;451812;120202;;2023-02-14 00:00:00;2023-02-14 16:37:04;2021;OCA;65641;A
OCC;2022;82777;2022;PRD;449654;32879;;2023-01-31 00:00:00;2023-01-31 11:53:47;2021;OCC;32595;A
OCC;2023;38223;2023;PRD;145935;32118;;2023-05-10 00:00:00;2023-05-10 16:15:24;2021;OCA;65638;A
OCC;2023;33268;2023;PRD;118159;32321;;2023-04-19 00:00:00;2023-04-19 15:41:56;2021;OCA;65639;A
OCC;2023;45148;2023;PRD;182141;311990;;2023-06-08 00:00:00;2023-06-08 16:44:02;2021;OCA;65644;A
OCC;2023;36491;2023;PRD;131890;96905;;2023-05-03 00:00:00;2023-05-03 12:10:47;2011;OCC;10342;A
OCC;2023;45687;2023;PRD;186769;94546;;2023-06-12 00:00:00;2023-06-12 14:33:44;2021;OCA;65642;A
OCC;2023;45705;2023;PRD;186822;120202;;2023-06-12 00:00:00;2023-06-12 14:50:55;2021;OCA;65641;A
OCC;2023;92773;2023;PRD;500621;32321;;2024-03-04 00:00:00;2024-03-01 09:32:25;2021;OCA;65639;A
OCC;2023;92774;2023;PRD;500620;32321;;2024-03-04 00:00:00;2024-03-01 09:29:04;2021;OCA;65639;A
OCC;2023;92776;2023;PRD;500619;32321;;2024-03-04 00:00:00;2024-03-01 09:18:59;2021;OCA;65639;A
OCC;2023;92892;2023;PRD;500836;94546;;2024-03-07 00:00:00;2024-03-07 11:08:36;2021;OCA;65642;A
OCC;2023;92826;2023;PRD;500687;311990;;;2024-03-04 16:53:48;2021;OCA;65644;X
OCC;2023;92826;2023;PRD;500688;311990;;2024-03-04 00:00:00;2024-03-04 16:57:53;2021;OCA;65644;A
OCC;2023;92819;2023;PRD;500676;311990;;2024-03-04 00:00:00;2024-03-04 16:05:11;2021;OCA;65644;A
OCC;2023;93006;2023;PRD;501058;120202;;2024-03-18 00:00:00;2024-03-18 10:19:19;2021;OCA;65641;A
OCC;2025;34037;2025;PRD;171821;73551;;2025-06-10 00:00:00;2025-06-10 11:53:01;2022;OCA;78336;A
OCC;2025;35616;2025;PRD;180840;32879;;2025-06-18 00:00:00;2025-06-18 17:11:23;2023;OCA;76139;A
OCC;2025;35618;2025;PRD;180843;32879;;2025-06-18 00:00:00;2025-06-18 17:14:49;2023;OCA;76137;A
OCC;2025;30261;2025;PRD;135379;73551;;2025-05-16 00:00:00;2025-05-16 15:05:55;2023;OCA;76141;A
OCC;2024;64438;2024;PRD;459191;311990;;2025-01-08 00:00:00;2025-01-08 15:30:23;2021;OCA;65644;A
OCC;2024;49213;2024;PRD;362736;311990;;2024-10-04 00:00:00;2024-10-04 14:58:11;2021;OCA;65644;A
OCC;2023;80419;2023;PRD;434925;32321;;2023-11-14 00:00:00;2023-11-14 14:27:18;2021;OCA;65639;A
OCC;2024;61625;2024;PRD;448124;94546;;2024-12-17 00:00:00;2024-12-17 15:17:22;2021;OCA;65642;A
OCC;2024;63215;2024;PRD;453417;32321;;2024-12-26 00:00:00;2024-12-26 15:12:45;2021;OCA;65639;A
OCC;2024;49070;2024;PRD;360101;32321;;2024-10-03 00:00:00;2024-10-03 15:00:43;2021;OCA;65639;A
OCC;2024;49076;2024;PRD;360313;32321;;2024-10-03 00:00:00;2024-10-03 15:32:22;2021;OCA;65639;A
OCC;2024;49080;2024;PRD;360384;32321;;2024-10-03 00:00:00;2024-10-03 15:45:36;2021;OCA;65639;A
OCC;2024;53039;2024;PRD;385776;94546;;2024-10-25 00:00:00;2024-10-25 12:54:16;2023;OCA;76141;A
OCC;2024;53062;2024;PRD;385809;94546;;2024-10-25 00:00:00;2024-10-25 13:14:41;2023;OCA;76141;A
OCC;2024;49205;2024;PRD;362499;32321;;2024-10-04 00:00:00;2024-10-04 14:12:26;2021;OCA;65639;A
OCC;2024;53028;2024;PRD;385810;275932;;2024-10-25 00:00:00;2024-10-25 13:15:21;2021;OCA;65645;A
OCC;2024;64320;2024;PRD;458641;32321;;2025-01-07 00:00:00;2025-01-07 16:16:26;2021;OCA;65639;A
OCC;2024;54832;2024;PRD;395401;32321;;2024-11-07 00:00:00;2024-11-07 16:13:41;2023;OCA;76141;A
OCC;2024;52815;2024;PRD;384932;311990;;2024-10-24 00:00:00;2024-10-24 15:10:20;2021;OCA;65644;A
OCC;2024;64260;2024;PRD;458445;120202;;2025-01-07 00:00:00;2025-01-07 12:34:35;2021;OCA;65641;A
OCC;2024;51842;2024;PRD;381769;83261;;2024-10-21 00:00:00;2024-10-21 15:02:46;2021;OCA;65643;A
OCC;2024;51710;2024;PRD;380700;311990;;2024-10-18 00:00:00;2024-10-18 16:36:59;2021;OCA;65644;A
OCC;2024;54461;2024;PRD;392856;120202;;2024-11-06 00:00:00;2024-11-06 12:11:06;2021;OCA;65641;A
OCC;2024;54929;2024;PRD;396732;32118;;2024-11-08 00:00:00;2024-11-08 13:02:27;2021;OCA;65638;A
OCC;2024;47375;2024;PRD;337031;120202;;2024-09-20 00:00:00;2024-09-20 15:47:51;2021;OCA;65641;A
OCC;2022;84365;2022;PRD;452166;32321;;2023-02-23 00:00:00;2023-02-23 11:29:50;2021;OCA;65639;A
OCC;2024;47381;2024;PRD;337058;120202;;2024-09-20 00:00:00;2024-09-20 15:51:51;2021;OCA;65641;A
OCC;2024;48904;2024;PRD;356965;311990;;2024-10-02 00:00:00;2024-10-02 13:15:25;2021;OCA;65644;A
OCC;2022;85510;2022;PRD;453463;32321;;;2023-03-01 15:54:20;2022;OCC;82801;X
OCC;2022;85532;2022;PRD;453487;32321;;;2023-03-01 16:13:11;2022;OCC;85510;X
OCC;2024;42225;2024;PRD;296231;120202;;2024-08-16 00:00:00;2024-08-16 12:04:24;2023;OCA;76140;A
OCC;2024;37335;2024;PRD;264499;94546;;2024-07-19 00:00:00;2024-07-19 16:51:36;2023;OCA;76140;A
OCC;2023;74285;2023;PRD;374516;124204;;;2023-10-10 16:00:17;2023;OCC;44004;X
OCC;2022;77187;2022;PRD;436546;216656;;2022-12-30 00:00:00;2022-12-30 16:06:17;2019;OCA;43555;A
OCC;2023;44993;2023;PRD;192782;120202;;2023-06-15 00:00:00;2023-06-15 17:38:51;2021;OCB;17609;A
OCC;2025;20259;2025;PRD;48430;32321;;2025-03-11 00:00:00;2025-03-11 12:20:41;2025;OCC;19782;A
OCC;2023;86422;2023;PRD;480928;32321;;2023-12-12 00:00:00;2023-12-12 16:26:59;2023;OCC;86370;A
OCC;2023;70088;2023;PRD;347438;311990;;2023-09-22 00:00:00;2023-09-22 10:40:55;2021;OCA;65644;A
OCC;2023;66327;2023;PRD;317302;83261;;2023-09-06 00:00:00;2023-09-06 15:52:20;2021;OCA;65643;A
OCC;2023;67472;2023;PRD;332503;32321;;2023-09-12 00:00:00;2023-09-12 15:49:24;2021;OCA;65639;A
OCC;2023;75349;2023;PRD;381794;120202;;2023-10-18 00:00:00;2023-10-18 14:21:35;2021;OCA;65641;A
OCC;2023;67530;2023;PRD;332949;32321;;2023-09-12 00:00:00;2023-09-12 16:49:15;2021;OCA;65639;A
OCC;2023;75773;2023;PRD;383774;83261;;2023-10-19 00:00:00;2023-10-19 15:21:46;2021;OCA;65643;A
OCC;2023;67801;2023;PRD;335807;311990;;2023-09-13 00:00:00;2023-09-13 16:06:37;2021;OCA;65644;A
OCC;2024;56534;2024;PRD;412904;94546;;2024-11-21 00:00:00;2024-11-21 12:36:50;2021;OCA;65642;A
OCC;2023;82383;2023;PRD;446434;96905;;2023-11-24 00:00:00;2023-11-24 16:26:10;2011;OCC;10342;A
OCC;2023;66028;2023;PRD;313988;120202;;2023-09-05 00:00:00;2023-09-05 16:52:58;2021;OCA;65641;A
OCC;2025;27765;2025;PRD;117486;32321;;2025-04-30 00:00:00;2025-04-30 15:06:22;2023;OCA;76137;A
OCC;2025;28454;2025;PRD;123129;32879;;2025-05-07 00:00:00;2025-05-07 16:12:59;2023;OCA;76135;A
OCC;2025;27924;2025;PRD;118135;94546;;2025-05-05 00:00:00;2025-05-05 10:59:38;2023;OCA;76138;A
OCC;2024;69060;2024;PRD;469037;32879;;2025-02-12 00:00:00;2025-02-12 20:30:52;2023;OCA;76134;A
OCC;2024;69069;2024;PRD;469085;32879;;2025-02-13 00:00:00;2025-02-13 14:57:13;2023;OCA;76141;A
OCC;2024;69080;2024;PRD;469111;32879;;2025-02-13 00:00:00;2025-02-13 16:09:25;2023;OCA;76135;A
OCC;2024;68904;2024;PRD;468826;311990;;2025-02-10 00:00:00;2025-02-10 13:16:34;2021;OCA;65644;A
OCC;2023;67144;2023;PRD;327556;311990;;2023-09-11 00:00:00;2023-09-11 15:24:33;2021;OCA;65644;A
OCC;2024;67501;2024;PRD;466129;32879;;2025-01-24 00:00:00;2025-01-24 17:44:11;2023;OCA;76141;A
OCC;2024;67464;2024;PRD;466086;32879;;2025-01-24 00:00:00;2025-01-24 16:03:37;2023;OCA;76141;A
OCC;2024;65069;2024;PRD;460865;83261;;2025-01-13 00:00:00;2025-01-13 11:14:05;2023;OCA;76141;A
OCC;2024;66601;2024;PRD;464261;32321;;2025-01-17 00:00:00;2025-01-17 16:03:29;2021;OCA;65639;A
OCC;2024;69044;2024;PRD;469022;32321;;2025-02-12 00:00:00;2025-02-12 16:23:54;2021;OCA;65639;A
OCC;2024;68847;2024;PRD;468695;83261;;2025-02-07 00:00:00;2025-02-07 15:02:50;2021;OCA;65643;A
OCC;2024;68059;2024;PRD;467190;120202;;2025-01-29 00:00:00;2025-01-29 16:22:29;2021;OCA;65641;A
OCC;2024;69150;2024;PRD;469176;73551;;2025-02-14 00:00:00;2025-02-14 15:25:55;2023;OCA;76134;A
OCC;2024;67492;2024;PRD;466123;32879;;2025-01-24 00:00:00;2025-01-24 17:07:32;2023;OCA;76141;A
OCC;2024;69155;2024;PRD;469182;73551;;2025-02-14 00:00:00;2025-02-14 15:56:58;2023;OCA;76134;A
OCC;2024;66725;2024;PRD;464289;311990;;2025-01-17 00:00:00;2025-01-17 16:41:48;2021;OCA;65644;A
OCC;2024;68478;2024;PRD;468008;94546;;2025-01-31 00:00:00;2025-01-31 20:00:14;2021;OCA;65642;A
OCC;2022;67568;2022;PRD;366205;311990;;2022-11-04 00:00:00;2022-11-04 11:34:42;2021;OCA;65644;A
OCC;2023;52005;2023;PRD;226355;32118;;2023-07-10 00:00:00;2023-07-10 12:27:50;2021;OCA;65638;A
OCC;2023;46610;2023;PRD;192406;94546;;2023-06-15 00:00:00;2023-06-15 15:13:03;2021;OCA;65642;A
OCC;2022;72517;2022;PRD;398641;94546;;2022-12-02 00:00:00;2022-12-02 16:44:14;2021;OCA;65642;A
OCC;2022;72470;2022;PRD;398530;26296;;2022-12-02 00:00:00;2022-12-02 15:32:52;2021;OCA;65640;A
OCC;2022;82073;2022;PRD;448021;32848;;2023-01-24 00:00:00;2023-01-24 13:32:08;2021;OCC;32593;A
OCC;2022;82136;2022;PRD;448112;32321;;2023-01-24 00:00:00;2023-01-24 17:22:21;2021;OCA;65639;A
OCC;2022;82349;2022;PRD;448714;26296;;2023-01-26 00:00:00;2023-01-26 15:17:04;2021;OCA;65640;A
OCC;2022;82351;2022;PRD;448705;26296;;2023-01-26 00:00:00;2023-01-26 15:06:13;2021;OCA;65640;A
OCC;2022;76170;2022;PRD;447984;83261;;2023-01-24 00:00:00;2023-01-24 12:40:30;2021;OCC;32596;A
OCC;2022;76225;2022;PRD;447992;32848;;2023-01-24 00:00:00;2023-01-24 12:48:05;2021;OCC;32593;A
OCC;2022;76261;2022;PRD;447994;32848;;2023-01-24 00:00:00;2023-01-24 12:50:04;2021;OCC;32593;A
OCC;2022;83007;2022;PRD;450152;311990;;2023-02-01 00:00:00;2023-02-01 16:40:41;2021;OCA;65644;A
OCC;2022;83000;2022;PRD;450145;311990;;2023-02-01 00:00:00;2023-02-01 16:21:05;2021;OCA;65644;A
OCC;2022;84144;2022;PRD;451878;311990;;2023-02-15 00:00:00;2023-02-15 11:16:01;2021;OCA;65644;A
OCC;2022;84473;2022;PRD;452282;311990;;2023-02-23 00:00:00;2023-02-23 16:47:59;2021;OCA;65644;A
OCC;2022;84314;2022;PRD;452105;120202;;2023-02-17 00:00:00;2023-02-17 11:55:03;2021;OCA;65641;A
OCC;2023;38159;2023;PRD;145486;94546;;2023-05-10 00:00:00;2023-05-10 14:47:03;2021;OCA;65642;A
OCC;2023;92809;2023;PRD;500668;120202;;2024-03-04 00:00:00;2024-03-04 14:56:50;2021;OCA;65641;A
OCC;2023;40924;2023;PRD;160778;311990;;2023-05-19 00:00:00;2023-05-19 14:20:12;2021;OCA;65644;A
OCC;2023;40930;2023;PRD;160792;120202;;2023-05-19 00:00:00;2023-05-19 14:26:58;2021;OCA;65641;A
OCC;2023;93053;2023;PRD;501111;26205;;2024-03-20 00:00:00;2024-03-20 14:21:31;2022;OCA;78330;A
OCC;2023;93051;2023;PRD;501109;26205;;2024-03-20 00:00:00;2024-03-20 12:51:40;2022;OCA;78330;A
OCC;2023;93023;2023;PRD;501076;32879;;2024-03-19 00:00:00;2024-03-19 14:44:17;2023;OCA;28334;A
OCC;2023;93024;2023;PRD;501075;32879;;2024-03-19 00:00:00;2024-03-19 14:39:33;2023;OCA;28334;A
OCC;2023;93014;2023;PRD;501066;32879;;2024-03-18 00:00:00;2024-03-18 12:41:22;2023;OCA;28334;A
OCC;2023;93008;2023;PRD;501060;32879;;2024-03-18 00:00:00;2024-03-18 11:36:21;2023;OCA;28334;A
OCC;2023;92891;2023;PRD;500835;94546;;2024-03-07 00:00:00;2024-03-07 11:05:18;2021;OCA;65642;A
OCC;2023;92818;2023;PRD;500675;311990;;2024-03-04 00:00:00;2024-03-04 16:03:19;2021;OCA;65644;A
OCC;2025;30859;2025;PRD;140248;32321;;2025-05-21 00:00:00;2025-05-21 10:56:17;2023;OCA;76137;A
OCC;2025;34035;2025;PRD;172074;73551;;2025-06-10 00:00:00;2025-06-10 12:36:42;2022;OCA;78336;A
OCC;2025;32220;2025;PRD;150544;311990;;2025-05-27 00:00:00;2025-05-27 20:36:35;2023;OCA;76141;A
OCC;2025;35605;2025;PRD;180833;32879;;2025-06-18 00:00:00;2025-06-18 17:05:19;2023;OCA;76139;A
OCC;2025;35620;2025;PRD;180829;32879;;2025-06-18 00:00:00;2025-06-18 17:02:10;2023;OCA;76137;A
OCC;2024;56536;2024;PRD;412924;94546;;2024-11-21 00:00:00;2024-11-21 12:41:03;2021;OCA;65642;A
OCC;2023;84833;2023;PRD;468270;311990;;2023-12-05 00:00:00;2023-12-05 11:59:37;2021;OCA;65644;A
OCC;2024;49078;2024;PRD;360372;32321;;2024-10-03 00:00:00;2024-10-03 15:42:23;2021;OCA;65639;A
OCC;2024;49082;2024;PRD;368081;32321;;2024-10-08 00:00:00;2024-10-08 16:31:13;2021;OCA;65639;A
OCC;2024;64437;2024;PRD;459229;311990;;2025-01-08 00:00:00;2025-01-08 16:28:26;2021;OCA;65644;A
OCC;2024;64439;2024;PRD;459219;311990;;2025-01-08 00:00:00;2025-01-08 16:07:03;2021;OCA;65644;A
OCC;2024;64442;2024;PRD;459213;311990;;2025-01-08 00:00:00;2025-01-08 16:01:01;2021;OCA;65644;A
OCC;2024;49206;2024;PRD;362519;32321;;2024-10-04 00:00:00;2024-10-04 14:15:59;2021;OCA;65639;A
OCC;2024;50590;2024;PRD;374906;120202;;2024-10-14 00:00:00;2024-10-14 17:17:27;2021;OCA;65641;A
OCC;2024;51709;2024;PRD;380694;311990;;2024-10-18 00:00:00;2024-10-18 16:33:13;2021;OCA;65644;A
OCC;2024;58202;2024;PRD;421820;311990;;2024-12-02 00:00:00;2024-12-02 16:40:58;2023;OCA;76141;A
OCC;2024;58115;2024;PRD;421608;311990;;2024-12-02 00:00:00;2024-12-02 14:32:06;2023;OCA;76141;A
OCC;2024;51829;2024;PRD;381511;83261;;2024-10-21 00:00:00;2024-10-21 13:01:35;2021;OCA;65643;A
OCC;2024;54916;2024;PRD;396704;32118;;2024-11-08 00:00:00;2024-11-08 12:54:31;2021;OCA;65638;A
OCC;2024;58578;2024;PRD;426791;120202;;2024-12-04 00:00:00;2024-12-04 12:01:29;2023;OCA;76141;A
OCC;2024;55092;2024;PRD;397352;32879;;2024-11-08 00:00:00;2024-11-08 16:25:55;2023;OCA;76141;A
OCC;2024;57582;2024;PRD;419710;26296;;2024-11-28 00:00:00;2024-11-28 15:13:59;2021;OCA;65640;A
OCC;2024;46736;2024;PRD;329693;94546;;2024-09-18 00:00:00;2024-09-18 15:18:38;2021;OCA;65642;A
OCC;2024;37876;2024;PRD;267070;32321;;2024-07-23 00:00:00;2024-07-23 16:26:43;2023;OCA;76141;A
OCC;2024;41535;2024;PRD;292925;32321;;2024-08-13 00:00:00;2024-08-13 15:25:46;2024;OCC;37876;A
OCC;2024;41539;2024;PRD;292979;32321;;2024-08-13 00:00:00;2024-08-13 15:39:42;2024;OCC;41535;A
OCC;2024;48899;2024;PRD;356861;311990;;2024-10-02 00:00:00;2024-10-02 12:53:48;2021;OCA;65644;A
OCC;2024;45193;2024;PRD;312264;32118;;2024-09-06 00:00:00;2024-09-06 11:56:07;2023;OCA;76141;A
OCC;2022;85501;2022;PRD;453456;83261;;2023-03-01 00:00:00;2023-03-01 15:47:10;2022;OCC;85497;A
OCC;2022;84313;2022;PRD;452083;120202;;2023-02-17 00:00:00;2023-02-16 16:59:04;2021;OCA;65641;A
OCC;2024;68832;2024;PRD;468664;83261;;2025-02-07 00:00:00;2025-02-07 13:46:38;2024;OCB;16992;A
OCC;2024;45179;2024;PRD;312133;32118;;2024-09-06 00:00:00;2024-09-06 11:36:46;2023;OCA;76141;A
OCC;2024;42223;2024;PRD;296213;120202;;2024-08-16 00:00:00;2024-08-16 11:59:34;2023;OCA;76140;A
OCC;2024;42228;2024;PRD;296225;120202;;2024-08-16 00:00:00;2024-08-16 12:02:27;2023;OCA;76141;A
OCC;2024;37319;2024;PRD;264482;311990;;2024-07-19 00:00:00;2024-07-19 16:41:35;2023;OCA;76141;A
OCC;2024;46094;2024;PRD;371738;83261;;2024-10-10 00:00:00;2024-10-10 14:50:04;2023;OCA;76134;A
OCC;2022;34316;2022;PRD;145347;120202;;2022-05-16 00:00:00;2022-05-16 12:13:45;2019;OCB;11597;A
OCC;2021;72984;2021;PRD;408737;216656;;2022-01-06 00:00:00;2022-01-06 11:13:01;2019;OCA;43555;A
OCC;2022;54837;2022;PRD;272163;216656;;2022-08-26 00:00:00;2022-08-26 17:28:41;2019;OCA;43555;A
OCC;2022;78263;2022;PRD;437329;216656;;2023-01-02 00:00:00;2023-01-02 15:36:43;2019;OCA;43555;A
OCC;2023;84704;2023;PRD;464097;32321;;2023-12-04 00:00:00;2023-12-04 16:15:31;2023;OCC;84663;A
OCC;2024;2385;2024;PRD;1299;236783;;2024-01-23 00:00:00;2024-01-23 12:19:47;2018;OCC;31379;A
OCC;2024;2294;2024;PRD;1256;159440;;2024-01-23 00:00:00;2024-01-23 11:55:27;2013;OCC;72069;A
OCC;2023;85901;2023;PRD;477247;49584;;2023-12-07 00:00:00;2023-12-07 09:40:26;2023;OCC;85323;A
OCC;2023;24915;2023;PRD;56971;49584;;2023-03-07 00:00:00;2023-03-07 16:19:53;2022;OCC;85411;A
OCC;2024;2394;2024;PRD;1319;256481;;2024-01-23 00:00:00;2024-01-23 12:34:21;2019;OCC;29696;A
OCC;2023;68884;2023;PRD;342360;311990;;2023-09-19 00:00:00;2023-09-19 10:53:29;2021;OCA;65644;A
OCC;2023;67655;2023;PRD;334699;275932;;2023-09-13 00:00:00;2023-09-13 12:42:40;2021;OCA;65645;A
OCC;2023;67413;2023;PRD;332005;32321;;2023-09-13 00:00:00;2023-09-12 14:57:56;2021;OCA;65639;A
OCC;2023;67423;2023;PRD;332147;32321;;2023-09-12 00:00:00;2023-09-12 15:12:47;2021;OCA;65639;A
OCC;2023;66466;2023;PRD;319051;94546;;2023-09-07 00:00:00;2023-09-07 11:16:56;2021;OCA;65642;A
OCC;2023;66472;2023;PRD;319091;94546;;2023-09-07 00:00:00;2023-09-07 11:23:59;2021;OCA;65642;A
OCC;2023;92810;2023;PRD;500670;120202;;2024-03-04 00:00:00;2024-03-04 15:09:40;2021;OCA;65641;A
OCC;2023;72002;2023;PRD;353539;83261;;2023-09-28 00:00:00;2023-09-28 16:13:24;2021;OCA;65643;A
OCC;2023;66888;2023;PRD;323647;32321;;2023-09-08 00:00:00;2023-09-08 15:22:30;2021;OCA;65639;A
OCC;2023;79257;2023;PRD;417593;120202;;2023-11-07 00:00:00;2023-11-07 11:12:52;2021;OCA;65641;A
OCC;2023;63840;2023;PRD;292429;311990;;2023-08-28 00:00:00;2023-08-28 13:09:58;2021;OCA;65644;A
OCC;2023;79381;2023;PRD;419241;120202;;2023-11-07 00:00:00;2023-11-07 15:13:37;2021;OCA;65641;A
OCC;2024;54418;2024;PRD;392055;26205;;2024-11-05 00:00:00;2024-11-05 16:42:26;2023;OCA;76134;A
OCC;2023;66034;2023;PRD;314041;120202;;2023-09-06 00:00:00;2023-09-05 17:09:15;2021;OCA;65641;A
OCC;2024;69071;2024;PRD;469104;32879;;2025-02-13 00:00:00;2025-02-13 16:00:44;2023;OCA;76141;A
OCC;2024;69078;2024;PRD;469087;32879;;2025-02-13 00:00:00;2025-02-13 15:02:48;2023;OCA;76135;A
OCC;2024;69079;2024;PRD;469099;32879;;2025-02-13 00:00:00;2025-02-13 15:52:28;2023;OCA;76135;A
OCC;2024;69086;2024;PRD;469103;26205;;2025-02-13 00:00:00;2025-02-13 16:00:07;2023;OCA;76134;A
OCC;2024;69091;2024;PRD;469118;26205;;2025-02-13 00:00:00;2025-02-13 16:52:31;2023;OCA;76134;A
OCC;2024;65072;2024;PRD;460874;83261;;2025-01-13 00:00:00;2025-01-13 11:21:50;2023;OCA;76141;A
OCC;2024;68496;2024;PRD;468025;26296;;2025-01-31 00:00:00;2025-01-31 22:14:02;2021;OCA;65640;A
OCC;2024;66587;2024;PRD;464215;32321;;;2025-01-17 15:17:51;2021;OCA;65639;P
OCC;2024;67361;2024;PRD;465996;73551;;2025-01-24 00:00:00;2025-01-24 14:31:40;2023;OCA;76141;A
OCC;2024;67371;2024;PRD;466012;73551;;2025-01-24 00:00:00;2025-01-24 14:44:37;2023;OCA;76141;A
OCC;2024;68044;2024;PRD;467173;120202;;2025-01-29 00:00:00;2025-01-29 16:06:45;2021;OCA;65641;A
OCC;2024;68980;2024;PRD;468891;32321;;;2025-02-10 20:13:53;2021;OCA;65639;X
OCC;2024;69153;2024;PRD;469179;73551;;2025-02-14 00:00:00;2025-02-14 15:44:03;2023;OCA;76134;A
OCC;2024;65708;2024;PRD;462057;32118;;2025-01-14 00:00:00;2025-01-14 16:38:03;2023;OCA;76137;A
OCC;2024;68483;2024;PRD;468017;94546;;2025-01-31 00:00:00;2025-01-31 21:20:04;2021;OCA;65642;A
OCC;2024;68484;2024;PRD;468019;94546;;2025-01-31 00:00:00;2025-01-31 21:24:23;2021;OCA;65642;A
OCC;2024;67295;2024;PRD;465900;73551;;2025-01-24 00:00:00;2025-01-24 11:35:14;2023;OCA;76141;A
OCC;2024;68504;2024;PRD;468159;32118;;2025-02-03 00:00:00;2025-02-03 11:39:38;2021;OCA;65638;A
OCC;2024;68508;2024;PRD;468130;32118;;2025-02-03 00:00:00;2025-02-03 10:26:44;2021;OCA;65638;A
OCC;2024;64471;2024;PRD;459253;311990;;2025-01-08 00:00:00;2025-01-08 16:54:17;2021;OCA;65644;A
OCC;2024;66585;2024;PRD;463994;83261;;2025-01-17 00:00:00;2025-01-17 12:29:37;2023;OCA;76141;A
OCC;2024;66609;2024;PRD;464042;94546;;2025-01-17 00:00:00;2025-01-17 13:04:08;2023;OCA;76134;A
OCC;2023;55316;2023;PRD;247145;94546;;2023-07-21 00:00:00;2023-07-20 15:10:07;2021;OCA;65642;A
OCC;2023;54812;2023;PRD;253994;32879;;2023-07-26 00:00:00;2023-07-26 15:01:38;2021;OCC;32595;A
OCC;2023;54819;2023;PRD;254028;32879;;2023-07-26 00:00:00;2023-07-26 15:07:45;2021;OCC;32595;A
OCC;2023;46515;2023;PRD;191983;120202;;2023-06-15 00:00:00;2023-06-15 13:14:45;2021;OCA;65641;A
OCC;2023;55622;2023;PRD;255300;32879;;2023-07-27 00:00:00;2023-07-27 15:28:43;2021;OCC;32595;A
OCC;2022;72443;2022;PRD;398484;26296;;2022-12-02 00:00:00;2022-12-02 15:09:59;2021;OCA;65640;A
OCC;2022;82069;2022;PRD;448007;32879;;2023-01-24 00:00:00;2023-01-24 13:12:50;2021;OCC;32595;A
OCC;2022;72254;2022;PRD;397487;311990;;2022-12-01 00:00:00;2022-12-01 15:55:53;2021;OCA;65644;A
OCC;2022;76269;2022;PRD;447998;32848;;2023-01-24 00:00:00;2023-01-24 12:52:22;2021;OCC;32593;A
OCC;2022;82989;2022;PRD;450113;311990;;2023-02-01 00:00:00;2023-02-01 15:24:35;2021;OCA;65644;A
OCC;2022;84501;2022;PRD;452309;32321;;2023-02-23 00:00:00;2023-02-23 18:35:39;2022;OCC;84367;A
OCC;2022;84339;2022;PRD;452130;311990;;2023-02-22 00:00:00;2023-02-17 16:41:27;2021;OCA;65644;A
OCC;2023;34536;2023;PRD;125061;94546;;2023-04-25 00:00:00;2023-04-25 11:31:53;2021;OCA;65642;A
OCC;2023;33118;2023;PRD;117377;32321;;2023-04-19 00:00:00;2023-04-19 12:36:03;2021;OCA;65639;A
OCC;2023;45693;2023;PRD;186792;83261;;2023-06-12 00:00:00;2023-06-12 14:41:53;2021;OCA;65643;A
OCC;2023;45718;2023;PRD;186865;32321;;2023-06-12 00:00:00;2023-06-12 15:03:23;2021;OCA;65639;A
OCC;2023;93038;2023;PRD;501087;275932;;2024-03-20 00:00:00;2024-03-20 11:09:41;2021;OCA;65645;A
OCC;2023;92918;2023;PRD;500899;32118;;2024-03-15 00:00:00;2024-03-08 15:52:54;2021;OCA;65638;A
OCC;2023;92973;2023;PRD;500987;120202;;2024-03-13 00:00:00;2024-03-13 16:28:42;2021;OCA;65641;A
OCC;2023;92893;2023;PRD;500832;94546;;2024-03-07 00:00:00;2024-03-07 10:53:34;2021;OCA;65642;A
OCC;2023;93046;2023;PRD;501104;26296;;2024-03-20 00:00:00;2024-03-20 12:12:00;2021;OCA;65640;A
OCC;2025;32179;2025;PRD;150437;32321;;2025-05-27 00:00:00;2025-05-27 16:41:28;2023;OCA;76141;A
OCC;2025;32181;2025;PRD;150429;32321;;2025-05-27 00:00:00;2025-05-27 16:38:11;2023;OCA;76134;A
OCC;2025;32217;2025;PRD;150546;311990;;2025-05-27 00:00:00;2025-05-27 20:39:56;2023;OCA;76139;A
OCC;2025;35621;2025;PRD;180832;32879;;2025-06-18 00:00:00;2025-06-18 17:04:09;2023;OCA;76139;A
OCC;2025;36142;2025;PRD;183212;120202;;2025-06-23 00:00:00;2025-06-23 16:52:00;2021;OCA;65641;A
OCC;2025;30794;2025;PRD;139544;311990;;2025-05-20 00:00:00;2025-05-20 16:26:09;2021;OCA;65644;A
OCC;2024;49216;2024;PRD;362802;311990;;2024-10-04 00:00:00;2024-10-04 15:12:03;2021;OCA;65644;A
OCC;2024;49219;2024;PRD;362933;311990;;2024-10-04 00:00:00;2024-10-04 15:35:12;2021;OCA;65644;A
OCC;2023;80605;2023;PRD;436987;311990;;2023-11-15 00:00:00;2023-11-15 14:17:47;2021;OCA;65644;A
OCC;2023;86168;2023;PRD;479097;32321;;2023-12-07 00:00:00;2023-12-07 17:30:35;2021;OCA;65639;A
OCC;2023;85602;2023;PRD;475472;120202;;2023-12-06 00:00:00;2023-12-06 14:44:04;2021;OCA;65641;A
OCC;2024;53040;2024;PRD;385767;275932;;2024-10-25 00:00:00;2024-10-25 12:51:37;2021;OCA;65645;A
OCC;2024;59629;2024;PRD;436564;32321;;2024-12-09 00:00:00;2024-12-09 11:14:37;2023;OCA;76141;A
OCC;2024;49211;2024;PRD;362706;311990;;2024-10-04 00:00:00;2024-10-04 14:53:39;2021;OCA;65644;A
OCC;2024;50530;2024;PRD;374856;120202;;2024-10-14 00:00:00;2024-10-14 16:35:21;2021;OCA;65641;A
OCC;2024;62110;2024;PRD;449668;275932;;2024-12-19 00:00:00;2024-12-19 11:11:33;2023;OCA;76141;A
OCC;2024;58201;2024;PRD;421815;311990;;2024-12-02 00:00:00;2024-12-02 16:37:15;2023;OCA;76140;A
OCC;2024;52816;2024;PRD;385007;26296;;2024-10-24 00:00:00;2024-10-24 15:41:15;2023;OCA;76141;A
OCC;2024;50525;2024;PRD;374841;120202;;2024-10-14 00:00:00;2024-10-14 16:30:08;2021;OCA;65641;A
OCC;2024;54458;2024;PRD;392834;120202;;2024-11-06 00:00:00;2024-11-06 12:02:26;2021;OCA;65641;A
OCC;2024;54928;2024;PRD;396717;32118;;2024-11-08 00:00:00;2024-11-08 12:58:04;2021;OCA;65638;A
OCC;2024;55103;2024;PRD;397389;32879;;2024-11-08 00:00:00;2024-11-08 16:37:10;2023;OCA;76141;A
OCC;2024;55115;2024;PRD;397416;32879;;2024-11-08 00:00:00;2024-11-08 16:43:56;2023;OCA;76141;A
OCC;2024;57581;2024;PRD;419700;26296;;2024-11-28 00:00:00;2024-11-28 15:06:08;2021;OCA;65640;A
OCC;2024;34315;2024;PRD;240293;275932;;2024-07-03 00:00:00;2024-07-03 14:19:54;2023;OCA;76134;A
OCC;2024;45249;2024;PRD;313009;32879;;2024-09-06 00:00:00;2024-09-06 14:58:41;2023;OCA;76141;A
OCC;2024;68505;2024;PRD;468150;32118;;;2025-02-03 11:26:59;2021;OCA;65638;I
OCC;2024;30776;2024;PRD;193538;311990;;2024-06-05 00:00:00;2024-06-05 10:36:15;2023;OCA;76141;A
OCC;2024;46818;2024;PRD;330314;32321;;2024-09-18 00:00:00;2024-09-18 16:17:37;2021;OCA;65639;A
OCC;2024;48901;2024;PRD;356927;311990;;2024-10-02 00:00:00;2024-10-02 13:04:00;2021;OCA;65644;A
OCC;2022;85535;2022;PRD;453490;83261;;;2023-03-01 16:17:36;2022;OCC;85501;X
OCC;2022;84313;2022;PRD;452081;120202;;;2023-02-16 16:39:28;2021;OCA;65641;X
OCC;2024;68651;2024;PRD;468394;124204;;2025-02-05 00:00:00;2025-02-05 10:55:38;2024;OCB;16992;A
OCC;2024;68658;2024;PRD;468401;49584;;2025-02-05 00:00:00;2025-02-05 11:44:45;2024;OCB;16992;A
OCC;2024;37996;2024;PRD;267650;26296;;2024-07-24 00:00:00;2024-07-24 12:13:54;2023;OCA;76141;A
OCC;2023;77412;2023;PRD;395036;32321;;2023-10-26 00:00:00;2023-10-26 12:28:19;2023;OCC;76618;A
OCC;2022;77248;2022;PRD;436823;120202;;2023-01-02 00:00:00;2023-01-02 10:57:43;2021;OCC;73255;A
OCC;2022;55637;2022;PRD;274334;120202;;2022-08-31 00:00:00;2022-08-31 12:00:46;2019;OCB;11597;A
OCC;2023;24446;2023;PRD;52997;32321;;2023-03-06 00:00:00;2023-03-06 11:56:16;2022;OCC;85532;A
OCC;2023;75402;2023;PRD;381966;32321;;2023-10-18 00:00:00;2023-10-18 15:12:30;2021;OCA;65639;A
OCC;2023;75760;2023;PRD;383713;83261;;2023-10-19 00:00:00;2023-10-19 15:06:33;2021;OCA;65643;A
OCC;2023;79216;2023;PRD;417075;311990;;2023-11-07 00:00:00;2023-11-07 10:17:34;2021;OCA;65644;A
OCC;2023;68078;2023;PRD;338252;311990;;2023-09-14 00:00:00;2023-09-14 16:39:38;2021;OCA;65644;A
OCC;2023;67983;2023;PRD;337488;96905;;2023-09-14 00:00:00;2023-09-14 12:53:14;2011;OCC;10342;A
OCC;2023;58000;2023;PRD;258106;120202;;2023-08-09 00:00:00;2023-07-31 16:25:21;2021;OCA;65641;A
OCC;2023;58020;2023;PRD;258199;120202;;2023-07-31 00:00:00;2023-07-31 16:59:12;2021;OCA;65641;A
OCC;2024;54389;2024;PRD;391919;26205;;2024-11-05 00:00:00;2024-11-05 15:34:31;2023;OCA;76134;A
OCC;2025;27776;2025;PRD;117524;32321;;2025-04-30 00:00:00;2025-04-30 15:21:25;2023;OCA;76141;A
OCC;2025;27622;2025;PRD;116899;311990;;2025-04-29 00:00:00;2025-04-29 17:45:09;2023;OCA;76135;A
OCC;2025;22601;2025;PRD;78260;311990;;2025-03-26 00:00:00;2025-03-26 16:55:13;2021;OCA;65644;A
OCC;2025;22602;2025;PRD;78270;311990;;2025-03-26 00:00:00;2025-03-26 16:58:00;2021;OCA;65644;A
OCC;2025;24050;2025;PRD;97410;32879;;2025-04-08 00:00:00;2025-04-08 12:38:56;2023;OCA;76137;A
OCC;2025;24051;2025;PRD;97497;32879;;2025-04-08 00:00:00;2025-04-08 12:53:20;2023;OCA;76141;A
OCC;2025;27938;2025;PRD;118216;83261;;2025-05-05 00:00:00;2025-05-05 11:26:05;2023;OCA;76140;A
OCC;2025;29482;2025;PRD;130360;32118;;2025-05-13 00:00:00;2025-05-13 11:30:49;2023;OCA;76137;A
OCC;2024;69062;2024;PRD;469077;32879;;2025-02-13 00:00:00;2025-02-13 14:24:30;2023;OCA;76140;A
OCC;2024;69081;2024;PRD;469107;32879;;2025-02-13 00:00:00;2025-02-13 16:02:41;2023;OCA;76135;A
OCC;2024;69092;2024;PRD;469088;26205;;2025-02-13 00:00:00;2025-02-13 15:04:34;2023;OCA;76134;A
OCC;2024;67482;2024;PRD;466108;32879;;2025-01-24 00:00:00;2025-01-24 16:39:20;2023;OCA;76141;A
OCC;2023;70719;2023;PRD;349666;94546;;2023-09-25 00:00:00;2023-09-25 15:10:35;2021;OCA;65642;A
OCC;2024;67504;2024;PRD;466373;32879;;2025-01-27 00:00:00;2025-01-27 14:54:35;2023;OCA;76141;A
OCC;2024;67473;2024;PRD;466094;32879;;2025-01-24 00:00:00;2025-01-24 16:20:51;2023;OCA;76141;A
OCC;2024;68497;2024;PRD;468027;26296;;2025-01-31 00:00:00;2025-01-31 22:18:16;2021;OCA;65640;A
OCC;2024;68922;2024;PRD;468819;94546;;2025-02-10 00:00:00;2025-02-10 13:02:52;2021;OCA;65642;A
OCC;2024;65066;2024;PRD;460854;83261;;2025-01-13 00:00:00;2025-01-13 11:08:59;2023;OCA;76141;A
OCC;2024;67348;2024;PRD;465911;73551;;2025-01-24 00:00:00;2025-01-24 11:56:53;2023;OCA;76141;A
OCC;2024;69151;2024;PRD;469178;73551;;2025-02-14 00:00:00;2025-02-14 15:40:05;2023;OCA;76138;A
OCC;2024;67245;2024;PRD;465567;26296;;2025-01-22 00:00:00;2025-01-22 16:09:43;2023;OCA;76141;A
OCC;2024;66046;2024;PRD;462767;120202;;2025-01-15 00:00:00;2025-01-15 16:43:14;2023;OCA;76141;A
OCC;2024;68052;2024;PRD;467178;120202;;2025-01-29 00:00:00;2025-01-29 16:10:50;2021;OCA;65641;A
OCC;2024;67597;2024;PRD;466406;32321;;2025-01-27 00:00:00;2025-01-27 15:43:47;2021;OCA;65639;A
OCC;2024;67450;2024;PRD;466072;32879;;;2025-01-24 15:44:15;2023;OCA;76138;K
OCC;2024;68980;2024;PRD;468892;32321;;2025-02-10 00:00:00;2025-02-10 20:15:38;2021;OCA;65639;A
OCC;2024;68982;2024;PRD;468893;32118;;2025-02-10 00:00:00;2025-02-10 20:17:12;2021;OCA;65638;A
OCC;2024;69156;2024;PRD;469185;73551;;2025-02-14 00:00:00;2025-02-14 16:02:30;2023;OCA;76134;A
OCC;2024;69176;2024;PRD;469223;73551;;2025-02-17 00:00:00;2025-02-17 13:09:56;2023;OCA;76134;A
OCC;2024;64868;2024;PRD;460494;32321;;2025-01-10 00:00:00;2025-01-10 15:34:50;2021;OCA;65639;A
OCC;2024;68482;2024;PRD;468015;94546;;2025-01-31 00:00:00;2025-01-31 21:15:26;2021;OCA;65642;A
OCC;2024;69050;2024;PRD;469027;32118;;2025-02-12 00:00:00;2025-02-12 16:45:41;2023;OCA;76141;A
OCC;2021;38614;2021;PRD;323427;83261;;2021-10-21 00:00:00;2021-10-21 11:19:59;2019;OCC;29304;A
OCC;2023;51130;2023;PRD;219412;96905;;2023-07-05 00:00:00;2023-07-05 16:06:51;2011;OCC;10342;A
OCC;2023;46623;2023;PRD;192464;32321;;2023-06-15 00:00:00;2023-06-15 15:28:39;2021;OCA;65639;A
OCC;2023;50831;2023;PRD;216755;32118;;2023-07-04 00:00:00;2023-07-04 17:31:29;2021;OCA;65638;A
OCC;2021;75730;2021;PRD;416165;83261;;2022-01-28 00:00:00;2022-01-28 15:19:27;2019;OCC;29304;A
OCC;2022;67422;2022;PRD;364834;311990;;2022-11-04 00:00:00;2022-11-03 15:04:55;2021;OCA;65644;A
OCC;2022;81501;2022;PRD;446381;32321;;2023-01-18 00:00:00;2023-01-18 15:21:38;2021;OCA;65639;A
OCC;2022;82385;2022;PRD;448796;32879;;2023-01-26 00:00:00;2023-01-26 18:50:11;2021;OCC;32595;A
OCC;2022;82076;2022;PRD;448037;32879;;2023-01-24 00:00:00;2023-01-24 14:17:47;2021;OCC;32595;A
OCC;2022;82350;2022;PRD;448718;26296;;2023-01-26 00:00:00;2023-01-26 15:19:28;2021;OCA;65640;A
OCC;2022;72368;2022;PRD;398199;120202;;2022-12-02 00:00:00;2022-12-02 13:00:07;2021;OCA;65641;A
OCC;2022;76202;2022;PRD;447990;32848;;2023-01-24 00:00:00;2023-01-24 12:46:02;2021;OCC;32593;A
OCC;2022;76325;2022;PRD;448010;32879;;;2023-01-24 13:14:42;2021;OCC;32595;X
OCC;2022;84359;2022;PRD;452156;83261;;2023-02-22 00:00:00;2023-02-22 18:25:21;2022;OCC;70439;A
OCC;2022;84120;2022;PRD;451831;120202;;2023-02-14 00:00:00;2023-02-14 17:08:34;2021;OCA;65641;A
OCC;2022;83004;2022;PRD;450149;311990;;2023-02-01 00:00:00;2023-02-01 16:29:35;2021;OCA;65644;A
OCC;2022;82994;2022;PRD;450119;311990;;2023-02-01 00:00:00;2023-02-01 15:42:14;2021;OCA;65644;A
OCC;2022;84500;2022;PRD;452308;94546;;2023-02-23 00:00:00;2023-02-23 18:26:34;2022;OCC;72278;A
OCC;2022;84347;2022;PRD;452139;32118;;2023-02-22 00:00:00;2023-02-22 12:17:07;2021;OCA;65638;A
OCC;2022;84341;2022;PRD;452132;311990;;2023-02-17 00:00:00;2023-02-17 17:07:22;2021;OCA;65644;A
OCC;2022;84343;2022;PRD;452134;311990;;2023-02-17 00:00:00;2023-02-17 17:27:01;2021;OCA;65644;A
OCC;2022;84143;2022;PRD;451875;311990;;2023-02-15 00:00:00;2023-02-15 10:58:08;2021;OCA;65644;A
OCC;2022;85482;2022;PRD;453432;83261;;2023-03-01 00:00:00;2023-03-01 15:29:48;2021;OCA;65643;A
OCC;2023;45308;2023;PRD;184102;311990;;2023-06-09 00:00:00;2023-06-09 13:41:13;2021;OCA;65644;A
OCC;2023;92802;2023;PRD;500663;120202;;2024-03-04 00:00:00;2024-03-04 14:45:49;2021;OCA;65641;A
OCC;2023;92806;2023;PRD;500666;120202;;2024-03-04 00:00:00;2024-03-04 14:53:19;2021;OCA;65641;A
OCC;2023;44901;2023;PRD;179372;96905;;2023-06-07 00:00:00;2023-06-07 16:57:50;2011;OCC;10342;A
OCC;2023;93055;2023;PRD;501114;83261;;2024-03-20 00:00:00;2024-03-20 14:36:25;2021;OCA;65643;A
OCC;2023;92921;2023;PRD;500901;32118;;2024-03-08 00:00:00;2024-03-08 16:04:22;2021;OCA;65638;A
OCC;2023;93010;2023;PRD;501062;32879;;2024-03-18 00:00:00;2024-03-18 11:42:48;2023;OCA;28334;A
OCC;2023;92970;2023;PRD;500982;311990;;2024-03-13 00:00:00;2024-03-13 15:51:01;2021;OCA;65644;A
OCC;2023;93044;2023;PRD;501096;32321;;2024-03-20 00:00:00;2024-03-20 11:41:02;2021;OCA;65639;A
OCC;2025;34038;2025;PRD;172004;73551;;2025-06-10 00:00:00;2025-06-10 12:25:15;2022;OCA;78336;A
OCC;2025;36145;2025;PRD;183225;32321;;2025-06-23 00:00:00;2025-06-23 16:58:30;2021;OCA;65639;A
OCC;2025;30549;2025;PRD;137426;120202;;2025-05-19 00:00:00;2025-05-19 16:24:35;2023;OCA;76140;A
OCC;2023;84620;2023;PRD;463182;32118;;2023-12-04 00:00:00;2023-12-04 15:11:01;2021;OCA;65638;A
OCC;2023;86119;2023;PRD;478670;311990;;2023-12-07 00:00:00;2023-12-07 14:24:43;2021;OCA;65644;A
OCC;2023;86151;2023;PRD;478981;120202;;2023-12-07 00:00:00;2023-12-07 16:30:16;2021;OCA;65641;A
OCC;2024;49077;2024;PRD;360380;32321;;2024-10-03 00:00:00;2024-10-03 15:45:21;2021;OCA;65639;A
OCC;2024;53024;2024;PRD;385740;94546;;2024-10-25 00:00:00;2024-10-25 12:42:50;2023;OCA;76141;A
OCC;2024;53034;2024;PRD;385735;275932;;2024-10-25 00:00:00;2024-10-25 12:41:33;2021;OCA;65645;A
OCC;2024;54837;2024;PRD;395413;32321;;2024-11-07 00:00:00;2024-11-07 16:20:12;2023;OCA;76141;A
OCC;2024;51840;2024;PRD;381737;83261;;2024-10-21 00:00:00;2024-10-21 14:49:09;2021;OCA;65643;A
OCC;2024;61840;2024;PRD;448784;32118;;2024-12-18 00:00:00;2024-12-18 12:44:00;2021;OCA;65638;A
OCC;2024;61841;2024;PRD;448819;32118;;2024-12-18 00:00:00;2024-12-18 12:52:48;2021;OCA;65638;A
OCC;2024;51706;2024;PRD;380697;311990;;2024-10-18 00:00:00;2024-10-18 16:34:49;2021;OCA;65644;A
OCC;2024;52820;2024;PRD;385029;26296;;2024-10-24 00:00:00;2024-10-24 15:55:45;2023;OCA;76139;A
OCC;2024;54922;2024;PRD;396674;32118;;2024-11-08 00:00:00;2024-11-08 12:48:02;2021;OCA;65638;A
OCC;2024;54932;2024;PRD;396853;32118;;2024-11-08 00:00:00;2024-11-08 13:43:33;2023;OCA;76140;A
OCC;2024;55108;2024;PRD;397404;32879;;2024-11-08 00:00:00;2024-11-08 16:41:51;2023;OCA;76141;A
OCC;2024;55117;2024;PRD;399335;32879;;2024-11-12 00:00:00;2024-11-12 13:52:46;2023;OCA;76141;A
OCC;2024;45247;2024;PRD;312995;32879;;2024-09-06 00:00:00;2024-09-06 14:55:06;2023;OCA;76141;A
OCC;2024;68505;2024;PRD;468329;32118;;2025-02-06 00:00:00;2025-02-04 11:06:31;2021;OCA;65638;A
OCC;2024;47401;2024;PRD;337117;120202;;2024-09-20 00:00:00;2024-09-20 16:01:09;2021;OCA;65641;A
OCC;2024;34657;2024;PRD;246624;120202;;2024-07-05 00:00:00;2024-07-05 16:00:40;2023;OCA;76137;A
OCC;2024;46820;2024;PRD;330290;32321;;2024-09-18 00:00:00;2024-09-18 16:16:06;2021;OCA;65639;A
OCC;2022;84348;2022;PRD;452142;124204;;2023-02-22 00:00:00;2023-02-22 12:43:49;2022;OCO;171;A
OCC;2022;84363;2022;PRD;452164;76848;;2023-02-23 00:00:00;2023-02-23 11:11:05;2021;OCA;65645;A
OCC;2022;85492;2022;PRD;453445;83261;;2023-03-01 00:00:00;2023-03-01 15:40:37;2022;OCC;85489;A
OCC;2022;85497;2022;PRD;453449;83261;;2023-03-01 00:00:00;2023-03-01 15:43:33;2022;OCC;85492;A
OCC;2024;42221;2024;PRD;296208;120202;;2024-08-16 00:00:00;2024-08-16 11:55:43;2023;OCA;76140;A
OCC;2024;42226;2024;PRD;296237;120202;;2024-08-16 00:00:00;2024-08-16 12:06:25;2023;OCA;76141;A
OCC;2024;41184;2024;PRD;294021;26296;;2024-08-14 00:00:00;2024-08-14 14:46:35;2024;OCC;34689;A
OCC;2023;78276;2023;PRD;402295;49584;;2023-10-31 00:00:00;2023-10-31 14:19:54;2023;OCC;76515;A
OCC;2022;36250;2022;PRD;152977;120202;;2022-05-26 00:00:00;2022-05-24 10:17:26;2019;OCB;11597;A
OCC;2023;75829;2023;PRD;383910;83261;;2023-10-19 00:00:00;2023-10-19 16:11:46;2021;OCA;65643;A
OCC;2023;79264;2023;PRD;417716;120202;;2023-11-07 00:00:00;2023-11-07 11:24:39;2021;OCA;65641;A
OCC;2023;79267;2023;PRD;417815;120202;;2023-11-07 00:00:00;2023-11-07 11:31:00;2021;OCA;65641;A
OCC;2023;63848;2023;PRD;292455;311990;;2023-08-28 00:00:00;2023-08-28 13:21:23;2021;OCA;65644;A
OCC;2023;79505;2023;PRD;420409;26296;;2023-11-08 00:00:00;2023-11-08 11:20:56;2021;OCA;65640;A
OCC;2024;54833;2024;PRD;395406;32321;;2024-11-07 00:00:00;2024-11-07 16:16:38;2023;OCA;76141;A
OCC;2023;76842;2023;PRD;390495;96905;;2023-10-24 00:00:00;2023-10-24 15:38:40;2011;OCC;10342;A
OCC;2023;74952;2023;PRD;379021;32321;;2023-10-12 00:00:00;2023-10-12 16:50:41;2021;OCA;65639;A
OCC;2025;27621;2025;PRD;116897;311990;;2025-04-29 00:00:00;2025-04-29 17:42:27;2023;OCA;76135;A
OCC;2025;28451;2025;PRD;122950;32879;;2025-05-07 00:00:00;2025-05-07 15:35:54;2023;OCA;76139;A
OCC;2025;22664;2025;PRD;79021;83261;;2025-03-27 00:00:00;2025-03-27 10:43:47;2023;OCA;76135;A
OCC;2025;22656;2025;PRD;78987;120202;;2025-03-27 00:00:00;2025-03-27 10:29:56;2023;OCA;76135;A
OCC;2025;22599;2025;PRD;78236;311990;;2025-03-26 00:00:00;2025-03-26 16:53:15;2021;OCA;65644;A
OCC;2025;27939;2025;PRD;118232;83261;;2025-05-05 00:00:00;2025-05-05 11:28:40;2023;OCA;76141;A
OCC;2024;69067;2024;PRD;469039;32879;;2025-02-12 00:00:00;2025-02-12 20:53:31;2023;OCA;76139;A
OCC;2024;69077;2024;PRD;469086;32879;;2025-02-13 00:00:00;2025-02-13 14:59:47;2023;OCA;76137;A
OCC;2024;69090;2024;PRD;469116;26205;;2025-02-14 00:00:00;2025-02-13 16:37:02;2023;OCA;76134;A
OCC;2024;67430;2024;PRD;466030;94546;;2025-01-24 00:00:00;2025-01-24 15:04:55;2023;OCA;76141;A
OCC;2024;66590;2024;PRD;464271;32321;;2025-01-17 00:00:00;2025-01-17 16:22:09;2021;OCA;65639;A
OCC;2024;66608;2024;PRD;464207;32321;;2025-01-17 00:00:00;2025-01-17 15:11:38;2021;OCA;65639;A
OCC;2024;69042;2024;PRD;469021;32321;;2025-02-18 00:00:00;2025-02-12 16:21:06;2021;OCA;65639;A
OCC;2024;67363;2024;PRD;466003;73551;;2025-01-24 00:00:00;2025-01-24 14:37:05;2023;OCA;76141;A
OCC;2024;68853;2024;PRD;468703;83261;;2025-02-07 00:00:00;2025-02-07 15:13:47;2021;OCA;65643;A
OCC;2024;67234;2024;PRD;465561;26296;;2025-01-22 00:00:00;2025-01-22 16:02:59;2023;OCA;76141;A
OCC;2024;67423;2024;PRD;466017;32879;;2025-01-27 00:00:00;2025-01-24 14:53:31;2023;OCA;76139;A
OCC;2024;67486;2024;PRD;466113;32879;;2025-01-24 00:00:00;2025-01-24 16:48:17;2023;OCA;76139;A
OCC;2024;69082;2024;PRD;469091;32879;;2025-02-13 00:00:00;2025-02-13 15:09:56;2023;OCA;76141;A
OCC;2024;66720;2024;PRD;464302;311990;;2025-01-17 00:00:00;2025-01-17 16:52:18;2021;OCA;65644;A
OCC;2024;66720;2024;PRD;464307;311990;;;2025-01-17 16:57:22;2021;OCA;65644;X
OCC;2024;68091;2024;PRD;467211;32321;;2025-01-29 00:00:00;2025-01-29 16:42:01;2021;OCA;65639;A
OCC;2024;68477;2024;PRD;468013;94546;;2025-01-31 00:00:00;2025-01-31 20:14:16;2021;OCA;65642;A
OCC;2024;68479;2024;PRD;468010;94546;;2025-01-31 00:00:00;2025-01-31 20:07:21;2021;OCA;65642;A
OCC;2024;69190;2024;PRD;469235;120202;;2025-02-17 00:00:00;2025-02-17 16:01:09;2021;OCA;65641;A
OCC;2024;69047;2024;PRD;469025;32118;;2025-02-12 00:00:00;2025-02-12 16:36:19;2023;OCA;76141;A
OCC;2024;69048;2024;PRD;469026;32118;;2025-02-12 00:00:00;2025-02-12 16:41:10;2023;OCA;76141;A
OCC;2024;64465;2024;PRD;459233;311990;;2025-01-08 00:00:00;2025-01-08 16:32:08;2021;OCA;65644;A
OCC;2024;66570;2024;PRD;463934;275932;;2025-01-17 00:00:00;2025-01-17 12:00:57;2023;OCA;76140;A
OCC;2023;54980;2023;PRD;245057;96905;;2023-07-19 00:00:00;2023-07-19 15:28:08;2011;OCC;10342;A
OCC;2023;51135;2023;PRD;219418;96905;;2023-07-05 00:00:00;2023-07-05 16:08:55;2012;OCC;8006;A
OCC;2023;54812;2023;PRD;253673;32879;;;2023-07-26 12:16:14;2021;OCC;32595;X
OCC;2022;67485;2022;PRD;365045;311990;;2022-11-04 00:00:00;2022-11-03 15:59:20;2021;OCA;65644;A
OCC;2022;67516;2022;PRD;365189;311990;;2022-11-03 00:00:00;2022-11-03 16:36:42;2021;OCA;65644;A
OCC;2022;66964;2022;PRD;362788;311990;;;2022-11-02 14:59:04;2021;OCA;65644;I
OCC;2022;72459;2022;PRD;398500;26296;;2022-12-02 00:00:00;2022-12-02 15:19:55;2021;OCA;65640;A
OCC;2022;81914;2022;PRD;448013;32879;;;2023-01-24 13:18:46;2021;OCC;32595;X
OCC;2022;82135;2022;PRD;448103;311990;;2023-01-24 00:00:00;2023-01-24 17:11:26;2021;OCA;65644;A
OCC;2022;72234;2022;PRD;397417;311990;;2022-12-01 00:00:00;2022-12-01 15:19:25;2021;OCA;65644;A
OCC;2022;72403;2022;PRD;398405;120202;;2022-12-02 00:00:00;2022-12-02 14:30:43;2021;OCA;65641;A
OCC;2022;76300;2022;PRD;448012;32879;;2023-01-24 00:00:00;2023-01-24 13:16:33;2021;OCC;32595;A
OCC;2022;70439;2022;PRD;388169;83261;;2022-11-22 00:00:00;2022-11-22 16:16:26;2021;OCA;65643;A
OCC;2022;84702;2022;PRD;452550;76848;;2023-02-24 00:00:00;2023-02-24 15:26:12;2021;OCA;65645;A
OCC;2022;84360;2022;PRD;452157;311990;;2023-02-22 00:00:00;2023-02-22 18:42:23;2022;OCC;66964;A
OCC;2022;84346;2022;PRD;452138;32118;;2023-02-22 00:00:00;2023-02-22 12:08:37;2021;OCA;65638;A
OCC;2022;84337;2022;PRD;452128;32321;;2023-02-17 00:00:00;2023-02-17 16:26:42;2021;OCA;65639;A
OCC;2023;34501;2023;PRD;124844;311990;;2023-04-25 00:00:00;2023-04-25 10:28:46;2021;OCA;65644;A
OCC;2023;93057;2023;PRD;501120;83261;;2024-03-20 00:00:00;2024-03-20 14:41:38;2021;OCA;65643;A
OCC;2023;46326;2023;PRD;190455;311990;;2023-06-14 00:00:00;2023-06-14 12:36:35;2021;OCA;65644;A
OCC;2023;93058;2023;PRD;501118;83261;;2024-03-20 00:00:00;2024-03-20 14:40:14;2021;OCA;65643;A
OCC;2023;93064;2023;PRD;501130;32321;;2024-03-20 00:00:00;2024-03-20 15:19:40;2021;OCA;65639;A
OCC;2023;93056;2023;PRD;501117;83261;;2024-03-20 00:00:00;2024-03-20 14:39:54;2021;OCA;65643;A
OCC;2023;92889;2023;PRD;500833;94546;;2024-03-07 00:00:00;2024-03-07 10:57:08;2021;OCA;65642;A
OCC;2023;93065;2023;PRD;501129;32321;;2024-03-20 00:00:00;2024-03-20 15:19:39;2021;OCA;65639;A
OCC;2023;92827;2023;PRD;500689;311990;;2024-03-04 00:00:00;2024-03-04 17:04:05;2021;OCA;65644;A
OCC;2025;30856;2025;PRD;140163;120202;;2025-05-21 00:00:00;2025-05-21 10:41:51;2023;OCA;76138;A
OCC;2025;35600;2025;PRD;180825;32879;;2025-06-18 00:00:00;2025-06-18 16:53:52;2023;OCA;76139;A
OCC;2024;49215;2024;PRD;362770;311990;;2024-10-04 00:00:00;2024-10-04 15:03:33;2021;OCA;65644;A
OCC;2024;49218;2024;PRD;363002;311990;;2024-10-04 00:00:00;2024-10-04 15:40:54;2021;OCA;65644;A
OCC;2024;59649;2024;PRD;436855;275932;;2024-12-09 00:00:00;2024-12-09 11:59:13;2023;OCA;76141;A
OCC;2024;59634;2024;PRD;436658;32321;;2024-12-09 00:00:00;2024-12-09 11:27:09;2023;OCA;76141;A
OCC;2023;80790;2023;PRD;438411;32848;;2023-11-16 00:00:00;2023-11-16 12:42:51;2021;OCC;32593;A
OCC;2024;63198;2024;PRD;453380;120202;;2024-12-26 00:00:00;2024-12-26 14:55:54;2023;OCA;76141;A
OCC;2024;59636;2024;PRD;436599;32321;;2024-12-09 00:00:00;2024-12-09 11:18:00;2023;OCA;76141;A
OCC;2024;49072;2024;PRD;360223;32321;;2024-10-03 00:00:00;2024-10-03 15:21:02;2021;OCA;65639;A
OCC;2024;64443;2024;PRD;459242;311990;;2025-01-08 00:00:00;2025-01-08 16:40:16;2021;OCA;65644;A
OCC;2024;62271;2024;PRD;450230;83261;;2024-12-19 00:00:00;2024-12-19 15:45:11;2023;OCA;76141;A
OCC;2024;61839;2024;PRD;448800;32118;;2024-12-18 00:00:00;2024-12-18 12:48:17;2021;OCA;65638;A
OCC;2024;54925;2024;PRD;396759;32118;;2024-11-08 00:00:00;2024-11-08 13:09:30;2021;OCA;65638;A
OCC;2024;58566;2024;PRD;426271;32321;;2024-12-04 00:00:00;2024-12-04 10:46:53;2023;OCA;76141;A
OCC;2024;58584;2024;PRD;426905;120202;;2024-12-04 00:00:00;2024-12-04 12:16:32;2023;OCA;76141;A
OCC;2024;63481;2024;PRD;468899;26296;;2025-02-10 00:00:00;2025-02-10 21:19:53;2023;OCA;76141;A
OCC;2024;34349;2024;PRD;241363;311990;;2024-07-03 00:00:00;2024-07-03 17:43:26;2024;OCC;30791;A
OCC;2024;55894;2024;PRD;405344;73551;;2024-11-15 00:00:00;2024-11-15 12:16:53;2023;OCA;76141;A
OCC;2024;34332;2024;PRD;240827;32321;;2024-07-03 00:00:00;2024-07-03 15:41:24;2023;OCA;76134;A
OCC;2024;47373;2024;PRD;336993;120202;;2024-09-20 00:00:00;2024-09-20 15:44:12;2021;OCA;65641;A
OCC;2024;67439;2024;PRD;466055;32879;;2025-01-24 00:00:00;2025-01-24 15:26:22;2023;OCA;76140;A
OCC;2024;30791;2024;PRD;193627;311990;;2024-06-05 00:00:00;2024-06-05 10:50:33;2023;OCA;76141;A
OCC;2024;35450;2024;PRD;255605;94546;;2024-07-11 00:00:00;2024-07-11 15:45:01;2023;OCA;76140;A
OCC;2024;41524;2024;PRD;292939;32321;;2024-08-13 00:00:00;2024-08-13 15:30:26;2024;OCC;34332;A
OCC;2024;45184;2024;PRD;312168;32118;;2024-09-06 00:00:00;2024-09-06 11:43:19;2023;OCA;76141;A
OCC;2024;48902;2024;PRD;356856;311990;;2024-10-02 00:00:00;2024-10-02 12:53:01;2021;OCA;65644;A
OCC;2022;85519;2022;PRD;453472;83261;;;2023-03-01 16:01:54;2022;OCC;85516;X
OCC;2024;45160;2024;PRD;311694;32848;;2024-09-06 00:00:00;2024-09-06 09:24:12;2019;OCC;29291;A
OCC;2024;46091;2024;PRD;322229;83261;;2024-09-16 00:00:00;2024-09-16 10:51:54;2023;OCA;76135;A
OCC;2024;37982;2024;PRD;267482;120202;;2024-07-24 00:00:00;2024-07-24 11:34:05;2023;OCA;76141;A
OCC;2022;40033;2022;PRD;178036;216656;;2022-06-15 00:00:00;2022-06-15 11:26:53;2019;OCA;43555;A
OCC;2021;73255;2021;PRD;409510;120202;;2022-01-07 00:00:00;2022-01-07 16:12:22;2019;OCB;11597;A
OCC;2022;59681;2022;PRD;302874;216656;;2022-09-21 00:00:00;2022-09-21 15:41:09;2019;OCA;43555;A
OCC;2022;85408;2022;PRD;453338;49584;;;2023-03-01 11:23:55;2022;OCC;85406;X
OCC;2023;32957;2023;PRD;116270;124204;;2023-04-18 00:00:00;2023-04-18 16:38:07;2022;OCC;85528;A
OCC;2023;69989;2023;PRD;357538;33343;;2023-10-03 00:00:00;2023-10-03 11:09:40;2023;OCB;3923;A
OCC;2023;24915;2023;PRD;56964;49584;;2023-03-07 00:00:00;2023-03-07 16:17:55;2022;OCC;85411;A
